Timestamp,Session_ID,Fruit_ID,Quality,Area,Status
17:40:50,20260401_174043,0,29.5,268324,REJECT
17:40:50,20260401_174043,1,57.3,87616,LOW
17:40:53,20260401_174043,2,46.5,435600,LOW
17:40:53,20260401_174043,3,42.9,101124,LOW
17:40:54,20260401_174043,4,58.2,7056,LOW
17:40:54,20260401_174043,5,38.0,19600,REJECT
17:40:54,20260401_174043,6,41.3,150544,LOW
17:40:55,20260401_174043,7,24.1,63504,REJECT
17:40:56,20260401_174043,8,21.0,6400,REJECT
17:40:56,20260401_174043,9,65.0,174724,LOW
17:40:56,20260401_174043,10,35.2,14884,REJECT
17:40:57,20260401_174043,11,26.9,4356,REJECT
17:40:57,20260401_174043,12,38.5,4356,REJECT
17:40:57,20260401_174043,13,21.0,6724,REJECT
17:40:58,20260401_174043,14,48.1,30276,LOW
17:40:58,20260401_174043,15,23.5,54756,REJECT
17:40:58,20260401_174043,16,18.0,55696,REJECT
17:40:59,20260401_174043,17,32.1,4096,REJECT
17:40:59,20260401_174043,18,28.4,4624,REJECT
17:41:00,20260401_174043,19,27.0,23104,REJECT
17:41:00,20260401_174043,20,23.2,21316,REJECT
17:41:00,20260401_174043,21,32.2,22500,REJECT
17:41:00,20260401_174043,22,76.5,24964,PASS
17:41:01,20260401_174043,23,64.4,23104,LOW
17:41:01,20260401_174043,24,30.6,28900,REJECT
17:41:01,20260401_174043,25,50.9,17956,LOW
17:41:02,20260401_174043,26,28.4,4624,REJECT
17:41:02,20260401_174043,27,19.4,6724,REJECT
17:41:02,20260401_174043,28,15.2,4900,REJECT
17:41:03,20260401_174043,29,15.0,5476,REJECT
17:41:03,20260401_174043,30,35.9,26896,REJECT
17:41:03,20260401_174043,31,55.7,28900,LOW
17:41:04,20260401_174043,32,16.0,4900,REJECT
17:41:04,20260401_174043,33,31.5,28900,REJECT
17:41:04,20260401_174043,34,52.5,16384,LOW
17:41:04,20260401_174043,35,36.2,29584,REJECT
17:41:04,20260401_174043,36,21.6,5184,REJECT
17:41:05,20260401_174043,37,24.0,5184,REJECT
17:41:05,20260401_174043,38,14.5,5184,REJECT
17:41:05,20260401_174043,39,55.2,17956,LOW
17:41:06,20260401_174043,40,57.5,16384,LOW
17:41:06,20260401_174043,41,42.5,22500,LOW
17:41:06,20260401_174043,42,64.8,16384,LOW
17:41:06,20260401_174043,43,43.1,28224,LOW
17:41:07,20260401_174043,44,58.2,51076,LOW
17:41:07,20260401_174043,45,31.3,6724,REJECT
17:41:07,20260401_174043,46,50.2,14400,LOW
17:41:07,20260401_174043,47,43.9,51984,LOW
17:41:08,20260401_174043,48,35.8,17956,REJECT
17:41:08,20260401_174043,49,38.6,44944,REJECT
17:41:08,20260401_174043,50,20.7,44100,REJECT
17:41:08,20260401_174043,51,60.6,51076,LOW
17:41:08,20260401_174043,52,35.9,26244,REJECT
17:41:09,20260401_174043,53,67.3,57600,LOW
17:41:09,20260401_174043,54,31.0,12996,REJECT
17:41:09,20260401_174043,55,46.8,24964,LOW
17:41:09,20260401_174043,56,70.8,57600,LOW
17:41:10,20260401_174043,57,47.8,44944,LOW
17:41:10,20260401_174043,58,67.9,61504,LOW
17:41:10,20260401_174043,59,43.1,26896,LOW
17:41:10,20260401_174043,60,57.3,58564,LOW
17:41:10,20260401_174043,61,46.6,24964,LOW
17:41:11,20260401_174043,62,55.2,56644,LOW
17:41:11,20260401_174043,63,38.9,25600,REJECT
17:41:11,20260401_174043,64,51.0,57600,LOW
17:41:11,20260401_174043,65,22.9,49284,REJECT
17:41:12,20260401_174043,66,43.6,25600,LOW
17:41:12,20260401_174043,67,49.8,53824,LOW
17:41:12,20260401_174043,68,41.3,10816,LOW
17:41:12,20260401_174043,69,33.0,46656,REJECT
17:41:13,20260401_174043,70,69.9,23104,LOW
17:41:13,20260401_174043,71,46.4,25600,LOW
17:41:13,20260401_174043,72,46.8,12100,LOW
17:41:13,20260401_174043,73,55.8,46656,LOW
17:41:13,20260401_174043,74,56.7,44100,LOW
17:41:14,20260401_174043,75,49.4,12100,LOW
17:41:14,20260401_174043,76,58.2,43264,LOW
17:41:14,20260401_174043,77,17.0,15876,REJECT
17:41:14,20260401_174043,78,41.6,42436,LOW
17:41:15,20260401_174043,79,24.8,15876,REJECT
17:41:15,20260401_174043,80,49.8,12100,LOW
17:41:15,20260401_174043,81,34.2,49284,REJECT
17:41:15,20260401_174043,82,28.1,24964,REJECT
17:41:16,20260401_174043,83,60.0,44944,LOW
17:41:16,20260401_174043,84,42.0,41616,LOW
17:41:16,20260401_174043,85,40.3,16900,LOW
17:41:16,20260401_174043,86,54.3,42436,LOW
17:41:17,20260401_174043,87,45.9,40804,LOW
17:41:17,20260401_174043,88,58.8,42436,LOW
17:41:17,20260401_174043,89,40.7,20164,LOW
17:41:17,20260401_174043,90,39.0,5184,REJECT
17:41:18,20260401_174043,91,40.9,19600,LOW
17:41:18,20260401_174043,92,37.5,41616,REJECT
17:41:18,20260401_174043,93,53.5,51076,LOW
17:41:19,20260401_174043,94,34.2,15376,REJECT
17:41:19,20260401_174043,95,59.4,42436,LOW
17:41:19,20260401_174043,96,38.0,40804,REJECT
17:41:19,20260401_174043,97,53.5,52900,LOW
17:41:20,20260401_174043,98,14.1,44100,REJECT
17:41:20,20260401_174043,99,7.7,41616,REJECT
17:41:20,20260401_174043,100,53.4,52900,LOW
17:41:20,20260401_174043,101,57.6,44100,LOW
17:41:21,20260401_174043,102,32.3,40804,REJECT
17:41:21,20260401_174043,103,46.3,6724,LOW
17:41:21,20260401_174043,104,31.8,19600,REJECT
17:41:21,20260401_174043,105,10.1,44100,REJECT
17:41:22,20260401_174043,106,42.2,53824,LOW
17:41:22,20260401_174043,107,50.8,51984,LOW
17:41:22,20260401_174043,108,15.7,41616,REJECT
17:41:23,20260401_174043,109,28.8,27556,REJECT
17:41:23,20260401_174043,110,36.8,46656,REJECT
17:41:23,20260401_174043,111,74.2,112896,LOW
17:41:24,20260401_174043,112,31.9,16900,REJECT
17:41:26,20260401_174043,113,69.6,276676,LOW
17:43:07,20260401_174301,0,40.8,10816,LOW
17:43:08,20260401_174301,1,54.2,10000,LOW
17:43:08,20260401_174301,2,15.5,10000,REJECT
17:43:08,20260401_174301,3,44.1,142884,LOW
17:43:14,20260401_174310,0,57.6,280900,LOW
17:43:18,20260401_174310,1,42.7,145924,LOW
17:43:18,20260401_174310,2,46.4,60516,LOW
17:43:18,20260401_174310,3,50.2,104976,LOW
17:43:19,20260401_174310,4,56.0,4624,LOW
17:43:19,20260401_174310,5,17.8,6400,REJECT
17:43:20,20260401_174310,6,64.1,46656,LOW
17:43:20,20260401_174310,7,48.9,17956,LOW
17:43:20,20260401_174310,8,28.1,4900,REJECT
17:43:20,20260401_174310,9,62.7,19600,LOW
17:43:20,20260401_174310,10,30.6,30276,REJECT
17:43:21,20260401_174310,11,54.6,121104,LOW
17:43:21,20260401_174310,12,37.5,7056,REJECT
17:43:21,20260401_174310,13,56.6,10816,LOW
17:43:21,20260401_174310,14,20.4,4900,REJECT
17:43:22,20260401_174310,15,41.3,12100,LOW
17:43:22,20260401_174310,16,25.0,8100,REJECT
17:43:22,20260401_174310,17,30.5,42436,REJECT
17:43:22,20260401_174310,18,25.5,84100,REJECT
17:43:22,20260401_174310,19,25.3,13456,REJECT
17:43:23,20260401_174310,20,12.5,14884,REJECT
17:43:23,20260401_174310,21,49.7,258064,LOW
17:43:23,20260401_174310,22,19.1,79524,REJECT
17:43:24,20260401_174310,23,52.9,121104,LOW
17:43:24,20260401_174310,24,42.7,331776,LOW
17:43:24,20260401_174310,25,39.8,5776,REJECT
17:43:24,20260401_174310,26,71.1,61504,LOW
17:43:24,20260401_174310,27,32.4,7056,REJECT
17:43:25,20260401_174310,28,43.1,17956,LOW
17:43:25,20260401_174310,29,25.2,4900,REJECT
17:43:25,20260401_174310,30,53.7,16384,LOW
17:43:25,20260401_174310,31,18.9,20736,REJECT
17:43:25,20260401_174310,32,43.1,16384,LOW
17:43:26,20260401_174310,33,33.5,20164,REJECT
17:43:26,20260401_174310,34,59.4,20164,LOW
17:43:26,20260401_174310,35,30.1,4900,REJECT
17:43:27,20260401_174310,36,63.7,17956,LOW
17:43:27,20260401_174310,37,15.9,4356,REJECT
17:43:27,20260401_174310,38,19.3,4356,REJECT
17:43:27,20260401_174310,39,60.1,18496,LOW
17:43:28,20260401_174310,40,35.3,45796,REJECT
17:43:28,20260401_174310,41,54.1,36864,LOW
17:43:28,20260401_174310,42,33.1,4900,REJECT
17:43:28,20260401_174310,43,27.3,12100,REJECT
17:43:28,20260401_174310,44,31.7,32400,REJECT
17:43:29,20260401_174310,45,56.6,33124,LOW
17:43:29,20260401_174310,46,35.3,26244,REJECT
17:43:29,20260401_174310,47,58.8,28900,LOW
17:43:29,20260401_174310,48,37.7,20736,REJECT
17:43:30,20260401_174310,49,58.7,29584,LOW
17:43:30,20260401_174310,50,64.9,34596,LOW
17:43:30,20260401_174310,51,39.1,49284,REJECT
17:43:30,20260401_174310,52,52.5,38416,LOW
17:43:31,20260401_174310,53,53.2,49284,LOW
17:43:31,20260401_174310,54,43.2,20164,LOW
17:43:31,20260401_174310,55,44.4,35344,LOW
17:43:31,20260401_174310,56,44.0,12100,LOW
17:43:32,20260401_174310,57,44.9,45796,LOW
17:43:32,20260401_174310,58,34.8,6724,REJECT
17:43:32,20260401_174310,59,38.6,5776,REJECT
17:43:33,20260401_174310,60,38.5,10404,REJECT
17:43:33,20260401_174310,61,19.9,4356,REJECT
17:43:34,20260401_174310,62,21.9,49284,REJECT
17:43:34,20260401_174310,63,20.0,4096,REJECT
17:43:35,20260401_174310,64,27.2,7056,REJECT
17:43:36,20260401_174310,65,19.9,9604,REJECT
17:43:36,20260401_174310,66,23.2,7744,REJECT
17:43:36,20260401_174310,67,35.2,7744,REJECT
17:43:37,20260401_174310,68,29.6,8464,REJECT
17:43:37,20260401_174310,69,11.9,14400,REJECT
17:43:38,20260401_174310,70,25.7,4356,REJECT
17:43:38,20260401_174310,71,26.4,12996,REJECT
17:43:38,20260401_174310,72,34.4,7056,REJECT
17:43:39,20260401_174310,73,29.2,6400,REJECT
17:43:39,20260401_174310,74,27.3,4624,REJECT
17:43:40,20260401_174310,75,31.4,10816,REJECT
17:43:40,20260401_174310,76,27.5,12100,REJECT
17:43:40,20260401_174310,77,21.7,9216,REJECT
17:43:41,20260401_174310,78,28.2,7056,REJECT
17:43:42,20260401_174310,79,32.9,10816,REJECT
17:43:42,20260401_174310,80,34.4,9604,REJECT
17:43:43,20260401_174310,81,20.7,7056,REJECT
17:43:43,20260401_174310,82,20.3,10000,REJECT
17:43:43,20260401_174310,83,30.0,42436,REJECT
17:43:44,20260401_174310,84,23.1,7056,REJECT
17:43:45,20260401_174310,85,33.2,28224,REJECT
17:43:45,20260401_174310,86,21.6,4356,REJECT
17:43:46,20260401_174310,87,27.6,43264,REJECT
17:43:46,20260401_174310,88,31.3,4624,REJECT
17:43:47,20260401_174310,89,43.9,30276,LOW
17:43:47,20260401_174310,90,50.9,33124,LOW
17:43:47,20260401_174310,91,42.5,44944,LOW
17:43:47,20260401_174310,92,45.7,5476,LOW
17:43:48,20260401_174310,93,31.7,40804,REJECT
17:43:48,20260401_174310,94,31.8,45796,REJECT
17:43:49,20260401_174310,95,21.9,14400,REJECT
17:43:49,20260401_174310,96,38.1,102400,REJECT
17:43:50,20260401_174310,97,6.9,9216,REJECT
17:43:50,20260401_174310,98,20.9,206116,REJECT
17:43:51,20260401_174310,99,26.8,60516,REJECT
17:43:51,20260401_174310,100,38.0,17424,REJECT
17:43:52,20260401_174310,101,41.4,10000,LOW
17:43:52,20260401_174310,102,36.5,5184,REJECT
17:43:52,20260401_174310,103,66.2,4624,LOW
17:43:53,20260401_174310,104,18.6,291600,REJECT
17:43:54,20260401_174310,105,36.2,315844,REJECT
17:43:54,20260401_174310,106,20.9,293764,REJECT
17:43:55,20260401_174310,107,48.4,334084,LOW
17:43:56,20260401_174310,108,19.8,295936,REJECT
17:43:58,20260401_174310,109,31.1,327184,REJECT
17:43:59,20260401_174310,110,17.0,287296,REJECT
17:44:01,20260401_174310,111,38.2,338724,REJECT
17:44:01,20260401_174310,112,16.7,295936,REJECT
17:44:02,20260401_174310,113,15.8,287296,REJECT
17:44:05,20260401_174310,114,50.8,324900,LOW
17:44:06,20260401_174310,115,20.9,295936,REJECT
17:44:08,20260401_174310,116,36.5,343396,REJECT
17:44:08,20260401_174310,117,20.9,295936,REJECT
17:44:10,20260401_174310,118,45.3,329476,LOW
17:44:11,20260401_174310,119,14.8,289444,REJECT
17:44:19,20260401_174310,120,38.4,329476,REJECT
17:44:19,20260401_174310,121,14.7,295936,REJECT
17:44:31,20260401_174310,122,52.4,318096,LOW
17:44:31,20260401_174310,123,19.0,287296,REJECT
17:44:33,20260401_174310,124,42.0,334084,LOW
17:44:33,20260401_174310,125,18.4,295936,REJECT
17:44:39,20260401_174310,126,23.6,309136,REJECT
17:44:41,20260401_174310,127,38.2,331776,REJECT
17:44:41,20260401_174310,128,16.5,300304,REJECT
17:44:44,20260401_174310,129,46.5,329476,LOW
17:44:44,20260401_174310,130,20.0,306916,REJECT
17:44:46,20260401_174310,131,46.1,341056,LOW
17:44:47,20260401_174310,132,21.0,311364,REJECT
17:44:49,20260401_174310,133,20.9,300304,REJECT
17:44:50,20260401_174310,134,37.0,329476,REJECT
17:44:51,20260401_174310,135,21.5,304704,REJECT
17:44:51,20260401_174310,136,35.8,324900,REJECT
17:44:52,20260401_174310,137,16.9,302500,REJECT
17:44:55,20260401_174310,138,34.2,331776,REJECT
17:44:55,20260401_174310,139,20.5,311364,REJECT
17:44:55,20260401_174310,140,40.7,336400,LOW
17:44:56,20260401_174310,141,14.8,309136,REJECT
17:44:59,20260401_174310,142,39.9,329476,REJECT
17:45:01,20260401_174310,143,29.8,341056,REJECT
17:45:04,20260401_174310,144,32.2,338724,REJECT
17:45:04,20260401_174310,145,20.0,302500,REJECT
17:45:05,20260401_174310,146,40.0,343396,REJECT
17:45:05,20260401_174310,147,14.2,306916,REJECT
17:45:10,20260401_174310,148,31.4,334084,REJECT
17:45:12,20260401_174310,149,43.0,324900,LOW
17:45:15,20260401_174310,150,43.1,336400,LOW
17:45:15,20260401_174310,151,15.2,306916,REJECT
17:45:22,20260401_174310,152,34.7,320356,REJECT
17:45:32,20260401_174310,153,34.1,329476,REJECT
17:45:32,20260401_174310,154,13.3,302500,REJECT
17:45:58,20260401_174310,155,34.9,20164,REJECT
17:45:59,20260401_174310,156,19.4,306916,REJECT
17:45:59,20260401_174310,157,47.5,13456,LOW
17:46:00,20260401_174310,158,38.3,350464,REJECT
17:46:00,20260401_174310,159,19.8,302500,REJECT
17:46:03,20260401_174310,160,38.2,338724,REJECT
17:46:03,20260401_174310,161,23.1,302500,REJECT
17:46:05,20260401_174310,162,21.5,306916,REJECT
17:46:07,20260401_174310,163,20.9,298116,REJECT
17:46:09,20260401_174310,164,39.7,338724,REJECT
17:46:09,20260401_174310,165,20.4,306916,REJECT
17:46:09,20260401_174310,166,38.2,338724,REJECT
17:46:10,20260401_174310,167,20.8,298116,REJECT
17:46:10,20260401_174310,168,42.1,348100,LOW
17:46:11,20260401_174310,169,17.1,302500,REJECT
17:46:14,20260401_174310,170,35.9,336400,REJECT
17:46:14,20260401_174310,171,15.2,306916,REJECT
17:46:15,20260401_174310,172,20.3,302500,REJECT
17:46:15,20260401_174310,173,46.7,334084,LOW
17:46:16,20260401_174310,174,17.9,293764,REJECT
17:46:17,20260401_174310,175,38.3,352836,REJECT
17:46:18,20260401_174310,176,19.6,306916,REJECT
17:46:19,20260401_174310,177,31.9,334084,REJECT
17:46:19,20260401_174310,178,18.2,306916,REJECT
17:46:21,20260401_174310,179,39.9,343396,REJECT
17:46:21,20260401_174310,180,17.4,304704,REJECT
17:46:21,20260401_174310,181,48.6,331776,LOW
17:46:22,20260401_174310,182,18.7,300304,REJECT
17:46:23,20260401_174310,183,30.4,352836,REJECT
17:46:23,20260401_174310,184,22.7,300304,REJECT
17:46:25,20260401_174310,185,45.8,345744,LOW
17:46:26,20260401_174310,186,20.0,300304,REJECT
17:46:26,20260401_174310,187,35.5,360000,REJECT
17:46:27,20260401_174310,188,52.7,348100,LOW
17:46:27,20260401_174310,189,18.9,306916,REJECT
17:46:28,20260401_174310,190,42.0,19600,LOW
17:46:29,20260401_174310,191,32.5,336400,REJECT
17:46:30,20260401_174310,192,44.2,336400,LOW
17:46:30,20260401_174310,193,18.4,300304,REJECT
17:46:32,20260401_174310,194,35.0,327184,REJECT
17:46:32,20260401_174310,195,22.3,302500,REJECT
17:46:36,20260401_174310,196,31.7,327184,REJECT
17:46:37,20260401_174310,197,15.9,293764,REJECT
17:46:40,20260401_174310,198,35.4,348100,REJECT
17:46:40,20260401_174310,199,18.5,304704,REJECT
17:46:42,20260401_174310,200,37.5,336400,REJECT
17:46:42,20260401_174310,201,13.8,298116,REJECT
17:46:44,20260401_174310,202,23.0,343396,REJECT
17:46:46,20260401_174310,203,32.2,334084,REJECT
17:46:47,20260401_174310,204,19.3,300304,REJECT
17:46:50,20260401_174310,205,29.5,327184,REJECT
17:46:51,20260401_174310,206,34.5,336400,REJECT
17:46:51,20260401_174310,207,15.8,302500,REJECT
17:46:56,20260401_174310,208,39.5,338724,REJECT
17:46:57,20260401_174310,209,16.1,306916,REJECT
17:47:01,20260401_174310,210,16.7,302500,REJECT
17:47:03,20260401_174310,211,42.6,345744,LOW
17:47:03,20260401_174310,212,16.6,302500,REJECT
17:47:04,20260401_174310,213,18.2,345744,REJECT
17:47:07,20260401_174310,214,29.2,338724,REJECT
17:47:08,20260401_174310,215,18.9,298116,REJECT
17:47:13,20260401_174310,216,34.6,329476,REJECT
17:47:13,20260401_174310,217,14.7,302500,REJECT
17:47:15,20260401_174310,218,35.0,341056,REJECT
17:47:15,20260401_174310,219,23.2,300304,REJECT
17:47:17,20260401_174310,220,45.7,336400,LOW
17:47:17,20260401_174310,221,17.2,306916,REJECT
17:47:19,20260401_174310,222,42.1,334084,LOW
17:47:19,20260401_174310,223,24.0,302500,REJECT
17:47:20,20260401_174310,224,41.6,336400,LOW
17:47:20,20260401_174310,225,19.0,295936,REJECT
17:47:21,20260401_174310,226,57.9,6084,LOW
17:47:26,20260401_174310,227,21.3,322624,REJECT
17:47:28,20260401_174310,228,35.5,322624,REJECT
17:47:28,20260401_174310,229,17.0,304704,REJECT
17:47:28,20260401_174310,230,32.0,324900,REJECT
17:47:30,20260401_174310,231,36.8,322624,REJECT
17:47:30,20260401_174310,232,38.6,5184,REJECT
17:47:37,20260401_174310,233,36.3,324900,REJECT
17:47:37,20260401_174310,234,21.6,298116,REJECT
17:47:39,20260401_174310,235,34.9,327184,REJECT
17:47:39,20260401_174310,236,16.1,289444,REJECT
17:47:40,20260401_174310,237,41.3,315844,LOW
17:47:41,20260401_174310,238,20.9,295936,REJECT
17:47:42,20260401_174310,239,47.6,6400,LOW
17:47:44,20260401_174310,240,42.2,322624,LOW
17:47:44,20260401_174310,241,17.7,293764,REJECT
17:47:50,20260401_174310,242,52.5,329476,LOW
17:47:50,20260401_174310,243,19.0,293764,REJECT
17:47:52,20260401_174310,244,39.2,327184,REJECT
17:47:53,20260401_174310,245,15.6,295936,REJECT
17:47:55,20260401_174310,246,41.3,5184,LOW
17:48:05,20260401_174310,247,59.7,7396,LOW
17:48:07,20260401_174310,248,42.5,4624,LOW
17:52:00,20260401_175155,0,16.9,69696,REJECT
17:52:00,20260401_175155,1,35.9,14400,REJECT
17:52:03,20260401_175155,2,42.1,14400,LOW
17:52:04,20260401_175155,3,35.6,17956,REJECT
17:52:04,20260401_175155,4,30.0,18496,REJECT
17:52:04,20260401_175155,5,45.8,19044,LOW
17:52:05,20260401_175155,6,26.5,14400,REJECT
17:52:05,20260401_175155,7,66.1,1567504,LOW
17:52:06,20260401_175155,8,26.7,76176,REJECT
17:52:06,20260401_175155,9,52.8,152100,LOW
17:52:06,20260401_175155,10,45.5,26244,LOW
17:52:07,20260401_175155,11,18.5,33124,REJECT
17:52:07,20260401_175155,12,43.4,33856,LOW
17:52:08,20260401_175155,13,46.7,14400,LOW
17:52:08,20260401_175155,14,14.2,14400,REJECT
17:52:08,20260401_175155,15,25.6,14400,REJECT
17:52:09,20260401_175155,16,44.5,14400,LOW
17:52:09,20260401_175155,17,42.3,14400,LOW
17:52:09,20260401_175155,18,23.0,20164,REJECT
17:52:09,20260401_175155,19,32.4,14400,REJECT
17:52:10,20260401_175155,20,58.4,106276,LOW
17:52:10,20260401_175155,21,42.7,14400,LOW
17:52:10,20260401_175155,22,24.2,14400,REJECT
17:52:10,20260401_175155,23,66.3,63504,LOW
17:52:11,20260401_175155,24,63.6,102400,LOW
17:52:11,20260401_175155,25,46.0,14400,LOW
17:52:11,20260401_175155,26,33.2,24336,REJECT
17:52:12,20260401_175155,27,37.9,23716,REJECT
17:52:12,20260401_175155,28,46.7,14400,LOW
17:52:12,20260401_175155,29,23.0,14400,REJECT
17:52:12,20260401_175155,30,29.4,26896,REJECT
17:52:13,20260401_175155,31,39.5,14400,REJECT
17:52:13,20260401_175155,32,25.9,21316,REJECT
17:52:13,20260401_175155,33,56.1,30276,LOW
17:52:13,20260401_175155,34,18.6,33856,REJECT
17:52:14,20260401_175155,35,34.3,14400,REJECT
17:52:14,20260401_175155,36,47.4,18496,LOW
17:52:14,20260401_175155,37,17.0,14400,REJECT
17:52:14,20260401_175155,38,41.8,14400,LOW
17:52:14,20260401_175155,39,45.7,14400,LOW
17:52:15,20260401_175155,40,16.2,14400,REJECT
17:52:15,20260401_175155,41,20.9,14400,REJECT
17:52:15,20260401_175155,42,55.8,65536,LOW
17:52:15,20260401_175155,43,35.2,17956,REJECT
17:52:16,20260401_175155,44,52.5,15876,LOW
17:52:16,20260401_175155,45,17.7,14400,REJECT
17:52:16,20260401_175155,46,70.8,32400,LOW
17:52:16,20260401_175155,47,44.2,70756,LOW
17:52:17,20260401_175155,48,19.1,14400,REJECT
17:52:17,20260401_175155,49,44.0,15376,LOW
17:52:17,20260401_175155,50,18.3,14884,REJECT
17:52:17,20260401_175155,51,34.4,14400,REJECT
17:52:17,20260401_175155,52,35.2,110224,REJECT
17:52:18,20260401_175155,53,45.1,14400,LOW
17:52:18,20260401_175155,54,48.8,69696,LOW
17:52:19,20260401_175155,55,32.1,14400,REJECT
17:52:19,20260401_175155,56,15.8,16384,REJECT
17:52:19,20260401_175155,57,53.5,108900,LOW
17:52:19,20260401_175155,58,62.3,14400,LOW
17:52:20,20260401_175155,59,32.8,262144,REJECT
17:52:20,20260401_175155,60,21.0,153664,REJECT
17:52:20,20260401_175155,61,38.6,14400,REJECT
17:52:21,20260401_175155,62,51.7,102400,LOW
17:52:22,20260401_175155,63,26.6,14400,REJECT
17:52:22,20260401_175155,64,60.3,85264,LOW
17:52:22,20260401_175155,65,37.5,25600,REJECT
17:52:22,20260401_175155,66,33.7,21316,REJECT
17:52:22,20260401_175155,67,59.5,14400,LOW
17:52:23,20260401_175155,68,41.1,28224,LOW
17:52:23,20260401_175155,69,39.6,31684,REJECT
17:52:24,20260401_175155,70,36.8,20164,REJECT
17:52:24,20260401_175155,71,14.4,21904,REJECT
17:52:24,20260401_175155,72,33.9,14400,REJECT
17:52:25,20260401_175155,73,26.1,14400,REJECT
17:52:25,20260401_175155,74,38.3,69696,REJECT
17:52:25,20260401_175155,75,19.1,14400,REJECT
17:52:25,20260401_175155,76,33.9,14400,REJECT
17:52:26,20260401_175155,77,38.4,16900,REJECT
17:52:26,20260401_175155,78,48.8,15876,LOW
17:52:26,20260401_175155,79,31.2,14400,REJECT
17:52:26,20260401_175155,80,54.8,15876,LOW
17:52:27,20260401_175155,81,55.2,16384,LOW
17:52:27,20260401_175155,82,43.9,40804,LOW
17:52:27,20260401_175155,83,50.8,39204,LOW
17:52:27,20260401_175155,84,52.5,14400,LOW
17:52:28,20260401_175155,85,18.1,14400,REJECT
17:52:28,20260401_175155,86,52.8,53824,LOW
17:52:30,20260401_175155,87,59.4,64516,LOW
17:52:30,20260401_175155,88,39.3,14400,REJECT
17:52:31,20260401_175155,89,30.8,14400,REJECT
17:52:31,20260401_175155,90,22.0,14400,REJECT
17:52:32,20260401_175155,91,31.3,14400,REJECT
17:52:32,20260401_175155,92,51.9,58564,LOW
17:52:32,20260401_175155,93,20.8,14400,REJECT
17:52:33,20260401_175155,94,27.0,23716,REJECT
17:52:33,20260401_175155,95,23.5,15876,REJECT
17:52:33,20260401_175155,96,37.0,51076,REJECT
17:52:33,20260401_175155,97,55.8,44944,LOW
17:52:34,20260401_175155,98,28.5,14400,REJECT
17:52:34,20260401_175155,99,8.3,33124,REJECT
17:52:34,20260401_175155,100,29.0,14884,REJECT
17:52:34,20260401_175155,101,48.6,46656,LOW
17:52:35,20260401_175155,102,63.3,33124,LOW
17:52:35,20260401_175155,103,35.0,15376,REJECT
17:52:35,20260401_175155,104,48.9,56644,LOW
17:52:35,20260401_175155,105,19.8,30976,REJECT
17:52:36,20260401_175155,106,19.3,14400,REJECT
17:52:36,20260401_175155,107,39.1,14400,REJECT
17:52:36,20260401_175155,108,60.2,27556,LOW
17:52:37,20260401_175155,109,20.1,30976,REJECT
17:52:37,20260401_175155,110,31.2,14400,REJECT
17:52:37,20260401_175155,111,9.5,30976,REJECT
17:52:37,20260401_175155,112,28.7,28224,REJECT
17:52:38,20260401_175155,113,31.0,14400,REJECT
17:52:38,20260401_175155,114,46.9,24336,LOW
17:52:38,20260401_175155,115,69.2,77284,LOW
17:52:38,20260401_175155,116,38.6,14400,REJECT
17:52:38,20260401_175155,117,29.6,52900,REJECT
17:52:39,20260401_175155,118,19.8,14400,REJECT
17:52:39,20260401_175155,119,63.3,51076,LOW
17:52:39,20260401_175155,120,17.5,34596,REJECT
17:52:39,20260401_175155,121,48.7,76176,LOW
17:52:39,20260401_175155,122,24.3,14400,REJECT
17:52:40,20260401_175155,123,36.5,50176,REJECT
17:52:40,20260401_175155,124,36.8,44944,REJECT
17:52:40,20260401_175155,125,29.7,14400,REJECT
17:52:40,20260401_175155,126,56.1,47524,LOW
17:52:40,20260401_175155,127,61.9,79524,LOW
17:52:41,20260401_175155,128,55.1,35344,LOW
17:52:41,20260401_175155,129,36.5,14400,REJECT
17:52:41,20260401_175155,130,60.9,46656,LOW
17:52:41,20260401_175155,131,77.8,75076,PASS
17:52:42,20260401_175155,132,64.8,46656,LOW
17:52:42,20260401_175155,133,44.8,14400,LOW
17:52:42,20260401_175155,134,38.5,14400,REJECT
17:52:42,20260401_175155,135,35.6,14400,REJECT
17:52:43,20260401_175155,136,58.5,44100,LOW
17:52:43,20260401_175155,137,20.6,14400,REJECT
17:52:43,20260401_175155,138,54.0,42436,LOW
17:52:43,20260401_175155,139,56.9,33856,LOW
17:52:44,20260401_175155,140,37.0,15876,REJECT
17:52:44,20260401_175155,141,15.8,14400,REJECT
17:52:44,20260401_175155,142,21.5,14400,REJECT
17:52:44,20260401_175155,143,7.0,14884,REJECT
17:52:44,20260401_175155,144,52.7,39204,LOW
17:52:45,20260401_175155,145,76.5,71824,PASS
17:52:45,20260401_175155,146,46.8,39204,LOW
17:52:45,20260401_175155,147,9.9,14400,REJECT
17:52:45,20260401_175155,148,30.4,16900,REJECT
17:52:46,20260401_175155,149,44.9,14400,LOW
17:52:46,20260401_175155,150,68.4,77284,LOW
17:52:47,20260401_175155,151,60.5,19044,LOW
17:52:47,20260401_175155,152,20.5,14400,REJECT
17:52:47,20260401_175155,153,36.8,58564,REJECT
17:52:47,20260401_175155,154,45.7,43264,LOW
17:52:48,20260401_175155,155,34.8,116964,REJECT
17:52:49,20260401_175155,156,44.1,51076,LOW
17:52:49,20260401_175155,157,26.2,14400,REJECT
17:52:49,20260401_175155,158,21.5,14400,REJECT
17:52:49,20260401_175155,159,52.0,47524,LOW
17:52:49,20260401_175155,160,37.8,367236,REJECT
17:52:50,20260401_175155,161,57.4,163216,LOW
17:52:50,20260401_175155,162,47.7,14400,LOW
17:52:51,20260401_175155,163,53.5,96100,LOW
17:52:52,20260401_175155,164,36.9,391876,REJECT
17:52:52,20260401_175155,165,35.6,732736,REJECT
17:52:54,20260401_175155,166,28.9,369664,REJECT
17:52:55,20260401_175155,167,51.6,760384,LOW
17:52:55,20260401_175155,168,20.5,36100,REJECT
17:52:57,20260401_175155,169,23.0,14400,REJECT
17:52:57,20260401_175155,170,43.2,77284,LOW
17:52:57,20260401_175155,171,21.2,59536,REJECT
17:52:57,20260401_175155,172,24.6,190096,REJECT
17:52:58,20260401_175155,173,60.6,50176,LOW
17:52:58,20260401_175155,174,35.5,61504,REJECT
17:52:58,20260401_175155,175,35.1,61504,REJECT
17:53:00,20260401_175155,176,44.8,52900,LOW
17:53:00,20260401_175155,177,64.2,96100,LOW
17:53:00,20260401_175155,178,34.2,37636,REJECT
17:53:01,20260401_175155,179,44.7,73984,LOW
17:53:01,20260401_175155,180,71.5,119716,LOW
17:53:01,20260401_175155,181,33.2,78400,REJECT
17:53:01,20260401_175155,182,51.1,14400,LOW
17:53:02,20260401_175155,183,18.4,23716,REJECT
17:53:02,20260401_175155,184,23.2,42436,REJECT
17:53:02,20260401_175155,185,6.6,22500,REJECT
17:53:02,20260401_175155,186,10.7,85264,REJECT
17:53:03,20260401_175155,187,30.0,47524,REJECT
17:53:03,20260401_175155,188,24.9,14400,REJECT
17:53:04,20260401_175155,189,19.6,14400,REJECT
17:53:04,20260401_175155,190,23.3,14400,REJECT
17:53:05,20260401_175155,191,14.0,171396,REJECT
17:53:05,20260401_175155,192,31.1,30976,REJECT
17:53:05,20260401_175155,193,19.2,45796,REJECT
17:53:06,20260401_175155,194,23.1,155236,REJECT
17:53:06,20260401_175155,195,24.4,35344,REJECT
17:53:06,20260401_175155,196,19.8,21904,REJECT
17:53:06,20260401_175155,197,26.2,32400,REJECT
17:53:07,20260401_175155,198,30.3,29584,REJECT
17:53:07,20260401_175155,199,24.7,139876,REJECT
17:53:07,20260401_175155,200,27.9,54756,REJECT
17:53:07,20260401_175155,201,41.7,26244,LOW
17:53:08,20260401_175155,202,18.6,14400,REJECT
17:53:08,20260401_175155,203,30.8,30276,REJECT
17:53:08,20260401_175155,204,69.7,46656,LOW
17:53:09,20260401_175155,205,16.5,88804,REJECT
17:53:09,20260401_175155,206,20.7,87616,REJECT
17:53:09,20260401_175155,207,9.8,81796,REJECT
17:53:09,20260401_175155,208,31.0,20164,REJECT
17:53:09,20260401_175155,209,51.6,104976,LOW
17:53:10,20260401_175155,210,75.2,23716,PASS
17:53:13,20260401_175155,211,57.7,369664,LOW
17:53:16,20260401_175155,212,67.1,14400,LOW
17:53:16,20260401_175155,213,70.4,26896,LOW
17:53:17,20260401_175155,214,66.9,46656,LOW
17:53:21,20260401_175155,215,49.5,111556,LOW
17:53:21,20260401_175155,216,49.0,98596,LOW
17:53:22,20260401_175155,217,75.7,150544,PASS
17:53:22,20260401_175155,218,37.0,125316,REJECT
17:53:24,20260401_175155,219,52.0,906304,LOW
17:53:24,20260401_175155,220,82.5,115600,PASS
17:53:24,20260401_175155,221,69.8,76176,LOW
17:53:24,20260401_175155,222,75.5,44944,PASS
17:53:25,20260401_175155,223,30.0,114244,REJECT
17:53:26,20260401_175155,224,42.0,40804,LOW
17:53:26,20260401_175155,225,12.3,14400,REJECT
17:53:26,20260401_175155,226,49.3,14400,LOW
17:53:26,20260401_175155,227,46.1,14400,LOW
17:53:27,20260401_175155,228,24.8,17956,REJECT
17:53:27,20260401_175155,229,19.9,16900,REJECT
17:53:28,20260401_175155,230,18.0,17956,REJECT
17:53:28,20260401_175155,231,11.6,14400,REJECT
17:53:28,20260401_175155,232,52.3,14400,LOW
17:53:29,20260401_175155,233,29.4,25600,REJECT
17:53:29,20260401_175155,234,24.7,29584,REJECT
17:53:29,20260401_175155,235,16.3,46656,REJECT
17:53:34,20260401_175155,236,25.9,14400,REJECT
17:53:34,20260401_175155,237,50.0,21904,LOW
17:53:34,20260401_175155,238,21.5,14400,REJECT
17:53:35,20260401_175155,239,44.8,18496,LOW
17:53:35,20260401_175155,240,53.8,14400,LOW
17:53:35,20260401_175155,241,27.1,14400,REJECT
17:53:36,20260401_175155,242,44.6,14400,LOW
17:53:36,20260401_175155,243,41.4,49284,LOW
17:53:36,20260401_175155,244,38.6,14400,REJECT
17:53:37,20260401_175155,245,56.9,107584,LOW
17:53:37,20260401_175155,246,31.2,14884,REJECT
17:53:39,20260401_175155,247,21.6,14400,REJECT
17:53:39,20260401_175155,248,36.3,14400,REJECT
17:53:40,20260401_175155,249,23.8,14400,REJECT
17:53:40,20260401_175155,250,28.7,14400,REJECT
17:53:40,20260401_175155,251,51.1,14400,LOW
17:53:41,20260401_175155,252,17.5,14400,REJECT
17:53:41,20260401_175155,253,29.1,14400,REJECT
17:53:42,20260401_175155,254,38.8,14400,REJECT
17:53:43,20260401_175155,255,65.8,93636,LOW
17:53:43,20260401_175155,256,33.6,14400,REJECT
17:53:44,20260401_175155,257,61.9,50176,LOW
17:53:44,20260401_175155,258,60.4,24964,LOW
17:53:45,20260401_175155,259,80.3,168100,PASS
17:53:46,20260401_175155,260,17.7,14400,REJECT
17:53:46,20260401_175155,261,62.7,14400,LOW
17:53:46,20260401_175155,262,58.2,22500,LOW
17:53:47,20260401_175155,263,29.6,38416,REJECT
17:53:47,20260401_175155,264,74.4,14884,LOW
17:53:47,20260401_175155,265,42.0,14400,LOW
17:53:49,20260401_175155,266,47.8,19044,LOW
17:53:49,20260401_175155,267,49.0,32400,LOW
17:53:50,20260401_175155,268,28.9,65536,REJECT
17:53:50,20260401_175155,269,22.0,36864,REJECT
17:53:50,20260401_175155,270,19.3,26896,REJECT
17:53:50,20260401_175155,271,28.4,21904,REJECT
17:53:50,20260401_175155,272,37.7,14400,REJECT
17:53:51,20260401_175155,273,28.0,14400,REJECT
17:53:51,20260401_175155,274,55.2,14400,LOW
17:53:51,20260401_175155,275,26.2,14400,REJECT
17:53:51,20260401_175155,276,55.9,14400,LOW
17:53:52,20260401_175155,277,38.2,14400,REJECT
17:53:52,20260401_175155,278,34.0,14400,REJECT
17:53:52,20260401_175155,279,38.8,14400,REJECT
17:53:52,20260401_175155,280,20.1,14400,REJECT
17:53:53,20260401_175155,281,40.7,14400,LOW
17:53:53,20260401_175155,282,26.8,14400,REJECT
17:53:55,20260401_175155,283,50.1,14400,LOW
17:53:55,20260401_175155,284,75.3,14400,PASS
17:53:56,20260401_175155,285,28.8,14400,REJECT
17:53:56,20260401_175155,286,50.7,14400,LOW
17:53:56,20260401_175155,287,33.6,14400,REJECT
17:53:57,20260401_175155,288,36.1,14400,REJECT
17:53:57,20260401_175155,289,49.5,14400,LOW
17:53:57,20260401_175155,290,33.5,14400,REJECT
17:53:57,20260401_175155,291,23.8,14400,REJECT
17:53:58,20260401_175155,292,40.2,14400,LOW
17:53:58,20260401_175155,293,59.0,14400,LOW
17:53:58,20260401_175155,294,26.4,14400,REJECT
17:53:59,20260401_175155,295,34.9,14400,REJECT
17:53:59,20260401_175155,296,36.0,14400,REJECT
17:53:59,20260401_175155,297,39.9,14400,REJECT
17:54:00,20260401_175155,298,33.5,14400,REJECT
17:54:00,20260401_175155,299,26.9,14400,REJECT
17:54:00,20260401_175155,300,43.2,14400,LOW
17:54:01,20260401_175155,301,42.1,14400,LOW
17:54:01,20260401_175155,302,44.5,14400,LOW
17:54:03,20260401_175155,303,33.0,14400,REJECT
17:54:03,20260401_175155,304,68.4,108900,LOW
17:54:03,20260401_175155,305,72.0,126736,LOW
17:54:03,20260401_175155,306,58.7,14400,LOW
17:54:04,20260401_175155,307,63.0,14400,LOW
17:54:04,20260401_175155,308,30.8,14400,REJECT
17:54:04,20260401_175155,309,68.7,14400,LOW
17:54:06,20260401_175155,310,9.3,22500,REJECT
17:54:06,20260401_175155,311,18.6,14400,REJECT
17:54:06,20260401_175155,312,71.0,122500,LOW
17:54:08,20260401_175155,313,22.5,72900,REJECT
17:54:11,20260401_175155,314,21.8,19600,REJECT
17:54:12,20260401_175155,315,73.9,14400,LOW
17:54:12,20260401_175155,316,38.0,14400,REJECT
17:54:12,20260401_175155,317,30.5,14400,REJECT
17:54:12,20260401_175155,318,44.7,31684,LOW
17:54:14,20260401_175155,319,29.8,14400,REJECT
17:54:14,20260401_175155,320,30.8,14400,REJECT
17:54:14,20260401_175155,321,67.6,86436,LOW
17:54:15,20260401_175155,322,67.9,139876,LOW
17:54:15,20260401_175155,323,64.3,14400,LOW
17:54:15,20260401_175155,324,64.0,14400,LOW
17:54:16,20260401_175155,325,12.3,16384,REJECT
17:54:17,20260401_175155,326,35.6,23716,REJECT
17:54:17,20260401_175155,327,21.5,21904,REJECT
17:54:18,20260401_175155,328,40.5,50176,LOW
17:54:18,20260401_175155,329,59.7,14400,LOW
17:54:19,20260401_175155,330,71.6,14400,LOW
17:54:19,20260401_175155,331,53.5,14400,LOW
17:54:20,20260401_175155,332,35.9,14400,REJECT
17:54:21,20260401_175155,333,47.8,14400,LOW
17:54:23,20260401_175155,334,26.4,25600,REJECT
17:54:24,20260401_175155,335,70.7,14400,LOW
17:54:25,20260401_175155,336,68.9,14400,LOW
17:54:25,20260401_175155,337,59.4,14400,LOW
17:54:27,20260401_175155,338,61.4,99856,LOW
17:54:28,20260401_175155,339,43.1,14400,LOW
17:54:28,20260401_175155,340,36.8,14400,REJECT
17:54:29,20260401_175155,341,53.4,14400,LOW
17:54:29,20260401_175155,342,48.1,14400,LOW
17:54:29,20260401_175155,343,65.6,14400,LOW
17:54:29,20260401_175155,344,42.8,14400,LOW
17:54:30,20260401_175155,345,48.8,14400,LOW
17:54:30,20260401_175155,346,36.2,14400,REJECT
17:54:31,20260401_175155,347,41.4,14400,LOW
17:54:31,20260401_175155,348,46.3,14400,LOW
17:54:31,20260401_175155,349,55.6,14400,LOW
17:54:32,20260401_175155,350,34.6,14400,REJECT
17:54:32,20260401_175155,351,41.3,14400,LOW
17:54:32,20260401_175155,352,60.7,14400,LOW
17:54:32,20260401_175155,353,54.9,14400,LOW
17:54:33,20260401_175155,354,62.7,14400,LOW
17:54:33,20260401_175155,355,39.9,14400,REJECT
17:54:33,20260401_175155,356,41.8,14400,LOW
17:54:34,20260401_175155,357,45.2,14400,LOW
17:54:35,20260401_175155,358,58.6,14400,LOW
17:54:35,20260401_175155,359,50.6,14400,LOW
17:54:35,20260401_175155,360,35.9,14400,REJECT
17:54:36,20260401_175155,361,32.3,14400,REJECT
17:54:36,20260401_175155,362,45.5,14400,LOW
17:54:37,20260401_175155,363,44.0,14400,LOW
17:54:37,20260401_175155,364,32.1,14400,REJECT
17:54:38,20260401_175155,365,35.2,14400,REJECT
17:54:38,20260401_175155,366,64.4,14400,LOW
17:54:39,20260401_175155,367,39.3,14400,REJECT
17:54:39,20260401_175155,368,70.1,14400,LOW
17:54:40,20260401_175155,369,46.5,14400,LOW
17:54:40,20260401_175155,370,30.1,14400,REJECT
17:54:40,20260401_175155,371,42.9,14400,LOW
17:54:41,20260401_175155,372,28.1,14400,REJECT
17:54:41,20260401_175155,373,46.1,14400,LOW
17:54:41,20260401_175155,374,41.1,14400,LOW
17:54:42,20260401_175155,375,32.2,14400,REJECT
17:54:42,20260401_175155,376,41.3,14400,LOW
17:54:43,20260401_175155,377,35.7,14400,REJECT
17:54:43,20260401_175155,378,50.7,14400,LOW
17:54:44,20260401_175155,379,68.9,14400,LOW
17:54:44,20260401_175155,380,33.5,14400,REJECT
17:54:44,20260401_175155,381,61.7,14400,LOW
17:54:44,20260401_175155,382,33.6,14400,REJECT
17:54:45,20260401_175155,383,68.8,14400,LOW
17:54:46,20260401_175155,384,25.0,14400,REJECT
17:54:46,20260401_175155,385,46.4,14400,LOW
17:54:46,20260401_175155,386,23.0,14400,REJECT
17:54:47,20260401_175155,387,34.6,14400,REJECT
17:54:47,20260401_175155,388,41.2,14400,LOW
17:54:48,20260401_175155,389,30.8,14400,REJECT
17:54:48,20260401_175155,390,34.8,14400,REJECT
17:54:49,20260401_175155,391,70.5,14400,LOW
17:54:49,20260401_175155,392,41.5,14400,LOW
17:54:49,20260401_175155,393,62.8,14400,LOW
17:54:49,20260401_175155,394,51.7,14400,LOW
17:54:50,20260401_175155,395,71.3,14400,LOW
17:54:52,20260401_175155,396,39.4,14400,REJECT
17:54:52,20260401_175155,397,33.2,14400,REJECT
17:54:53,20260401_175155,398,39.0,14400,REJECT
17:54:53,20260401_175155,399,35.8,14400,REJECT
17:54:53,20260401_175155,400,61.5,14400,LOW
17:54:54,20260401_175155,401,29.1,14400,REJECT
17:54:54,20260401_175155,402,42.2,14400,LOW
17:54:54,20260401_175155,403,28.0,14400,REJECT
17:54:55,20260401_175155,404,20.4,14400,REJECT
17:54:55,20260401_175155,405,31.8,14400,REJECT
17:54:56,20260401_175155,406,41.2,14400,LOW
17:54:56,20260401_175155,407,40.0,14400,REJECT
17:54:56,20260401_175155,408,25.4,14400,REJECT
17:54:57,20260401_175155,409,35.0,14400,REJECT
17:54:57,20260401_175155,410,34.1,14400,REJECT
17:54:58,20260401_175155,411,36.3,14400,REJECT
17:54:58,20260401_175155,412,34.6,14400,REJECT
17:54:58,20260401_175155,413,29.1,14400,REJECT
17:54:59,20260401_175155,414,42.5,14400,LOW
17:54:59,20260401_175155,415,32.8,14400,REJECT
17:55:00,20260401_175155,416,30.2,14400,REJECT
17:55:01,20260401_175155,417,36.5,14400,REJECT
17:55:02,20260401_175155,418,38.7,14400,REJECT
17:55:03,20260401_175155,419,41.7,14400,LOW
17:55:04,20260401_175155,420,38.7,14400,REJECT
17:55:04,20260401_175155,421,42.9,15876,LOW
17:55:06,20260401_175155,422,13.7,14400,REJECT
17:55:06,20260401_175155,423,52.8,114244,LOW
17:55:06,20260401_175155,424,76.0,116964,PASS
17:55:06,20260401_175155,425,52.5,14400,LOW
17:55:07,20260401_175155,426,55.9,14400,LOW
17:55:09,20260401_175155,427,28.8,35344,REJECT
17:55:10,20260401_175155,428,69.4,14400,LOW
17:55:11,20260401_175155,429,40.3,40804,LOW
17:55:11,20260401_175155,430,61.7,14400,LOW
17:55:13,20260401_175155,431,60.4,38416,LOW
17:55:13,20260401_175155,432,48.9,110224,LOW
17:55:13,20260401_175155,433,22.8,86436,REJECT
17:55:14,20260401_175155,434,42.2,15876,LOW
17:55:14,20260401_175155,435,36.1,36864,REJECT
17:55:14,20260401_175155,436,40.0,14400,REJECT
17:55:14,20260401_175155,437,74.1,30276,LOW
17:55:15,20260401_175155,438,38.8,53824,REJECT
17:55:15,20260401_175155,439,76.0,19044,PASS
17:55:15,20260401_175155,440,44.5,14400,LOW
17:55:15,20260401_175155,441,71.8,58564,LOW
17:55:15,20260401_175155,442,49.3,49284,LOW
17:55:15,20260401_175155,443,35.4,24336,REJECT
17:55:16,20260401_175155,444,38.9,54756,REJECT
17:55:16,20260401_175155,445,72.1,61504,LOW
17:55:16,20260401_175155,446,54.0,16384,LOW
17:55:16,20260401_175155,447,64.3,14400,LOW
17:55:16,20260401_175155,448,28.9,14400,REJECT
17:55:18,20260401_175155,449,52.2,35344,LOW
17:55:18,20260401_175155,450,42.7,14400,LOW
17:55:18,20260401_175155,451,59.2,15376,LOW
17:55:19,20260401_175155,452,73.0,54756,LOW
17:55:19,20260401_175155,453,37.7,32400,REJECT
17:55:19,20260401_175155,454,50.0,28224,LOW
17:55:19,20260401_175155,455,50.5,57600,LOW
17:55:21,20260401_175155,456,30.9,26244,REJECT
17:55:21,20260401_175155,457,51.7,14400,LOW
17:55:21,20260401_175155,458,10.6,14400,REJECT
17:55:21,20260401_175155,459,74.4,14400,LOW
17:55:22,20260401_175155,460,44.4,79524,LOW
17:55:22,20260401_175155,461,41.5,21316,LOW
17:55:22,20260401_175155,462,40.1,62500,LOW
17:55:23,20260401_175155,463,55.6,15876,LOW
17:55:23,20260401_175155,464,48.4,17424,LOW
17:55:25,20260401_175155,465,75.0,51984,PASS
17:55:26,20260401_175155,466,40.4,19600,LOW
17:55:28,20260401_175155,467,59.0,14400,LOW
17:55:28,20260401_175155,468,27.7,14400,REJECT
17:55:29,20260401_175155,469,62.1,14400,LOW
17:55:35,20260401_175155,470,69.2,14400,LOW
17:55:36,20260401_175155,471,47.3,21316,LOW
17:55:40,20260401_175155,472,77.5,14400,PASS
17:55:41,20260401_175155,473,54.4,20736,LOW
17:55:42,20260401_175155,474,72.7,14400,LOW
17:55:44,20260401_175155,475,45.8,21904,LOW
17:55:44,20260401_175155,476,66.9,14400,LOW
17:55:45,20260401_175155,477,48.2,21316,LOW
17:55:46,20260401_175155,478,63.7,14400,LOW
17:55:48,20260401_175155,479,62.7,22500,LOW
17:55:48,20260401_175155,480,29.1,14400,REJECT
17:55:48,20260401_175155,481,31.5,17424,REJECT
17:55:49,20260401_175155,482,37.7,14400,REJECT
17:55:49,20260401_175155,483,28.7,61504,REJECT
17:55:50,20260401_175155,484,48.1,21904,LOW
17:55:50,20260401_175155,485,43.2,15376,LOW
17:55:50,20260401_175155,486,47.7,18496,LOW
17:55:51,20260401_175155,487,36.8,16900,REJECT
17:55:51,20260401_175155,488,34.9,14400,REJECT
17:55:51,20260401_175155,489,41.4,19044,LOW
17:55:51,20260401_175155,490,44.2,14400,LOW
17:55:52,20260401_175155,491,51.6,14400,LOW
17:55:52,20260401_175155,492,54.4,14400,LOW
17:55:52,20260401_175155,493,41.6,19044,LOW
17:55:52,20260401_175155,494,51.9,14400,LOW
17:55:53,20260401_175155,495,75.7,14400,PASS
17:55:53,20260401_175155,496,63.2,14400,LOW
17:55:54,20260401_175155,497,60.2,14400,LOW
17:55:55,20260401_175155,498,25.2,14400,REJECT
17:55:55,20260401_175155,499,53.7,14400,LOW
17:55:55,20260401_175155,500,35.2,14400,REJECT
17:55:56,20260401_175155,501,55.2,27556,LOW
17:55:56,20260401_175155,502,58.3,21316,LOW
17:55:57,20260401_175155,503,15.9,14400,REJECT
17:55:57,20260401_175155,504,57.3,14400,LOW
17:55:57,20260401_175155,505,38.3,19600,REJECT
17:55:57,20260401_175155,506,55.2,21904,LOW
17:55:57,20260401_175155,507,63.8,14400,LOW
17:55:58,20260401_175155,508,52.5,23104,LOW
17:55:58,20260401_175155,509,21.8,17956,REJECT
17:55:58,20260401_175155,510,47.7,23104,LOW
17:55:58,20260401_175155,511,54.6,16384,LOW
17:55:59,20260401_175155,512,28.8,14400,REJECT
17:55:59,20260401_175155,513,69.3,14400,LOW
17:55:59,20260401_175155,514,26.3,14400,REJECT
17:55:59,20260401_175155,515,25.3,14400,REJECT
17:56:00,20260401_175155,516,26.7,14400,REJECT
17:56:00,20260401_175155,517,40.4,21316,LOW
17:56:00,20260401_175155,518,55.6,14400,LOW
17:56:00,20260401_175155,519,25.8,14400,REJECT
17:56:01,20260401_175155,520,46.6,16900,LOW
17:56:01,20260401_175155,521,49.3,20164,LOW
17:56:01,20260401_175155,522,28.9,14400,REJECT
17:56:01,20260401_175155,523,63.5,14400,LOW
17:56:02,20260401_175155,524,6.3,14400,REJECT
17:56:02,20260401_175155,525,20.8,14400,REJECT
17:56:02,20260401_175155,526,23.9,14400,REJECT
17:56:02,20260401_175155,527,13.0,14400,REJECT
17:56:03,20260401_175155,528,57.8,14400,LOW
17:56:03,20260401_175155,529,10.2,14400,REJECT
17:56:03,20260401_175155,530,20.4,14400,REJECT
17:56:04,20260401_175155,531,25.0,14400,REJECT
17:56:04,20260401_175155,532,53.2,23104,LOW
17:56:04,20260401_175155,533,69.7,14400,LOW
17:56:04,20260401_175155,534,19.3,14400,REJECT
17:56:05,20260401_175155,535,11.7,14400,REJECT
17:56:05,20260401_175155,536,35.6,14400,REJECT
17:56:05,20260401_175155,537,8.3,14400,REJECT
17:56:06,20260401_175155,538,38.2,19044,REJECT
17:56:06,20260401_175155,539,28.1,14400,REJECT
17:56:06,20260401_175155,540,63.2,14400,LOW
17:56:07,20260401_175155,541,58.7,14400,LOW
17:56:07,20260401_175155,542,8.9,14400,REJECT
17:56:07,20260401_175155,543,67.0,14400,LOW
17:56:08,20260401_175155,544,29.8,14400,REJECT
17:56:08,20260401_175155,545,11.8,14400,REJECT
17:56:08,20260401_175155,546,65.9,22500,LOW
17:56:09,20260401_175155,547,13.0,14400,REJECT
17:56:09,20260401_175155,548,31.6,14400,REJECT
17:56:09,20260401_175155,549,10.0,14400,REJECT
17:56:10,20260401_175155,550,57.0,14400,LOW
17:56:10,20260401_175155,551,33.6,33124,REJECT
17:56:10,20260401_175155,552,50.6,16900,LOW
17:56:10,20260401_175155,553,58.5,14400,LOW
17:56:10,20260401_175155,554,34.3,21316,REJECT
17:56:11,20260401_175155,555,18.4,14400,REJECT
17:56:11,20260401_175155,556,65.3,14400,LOW
17:56:11,20260401_175155,557,55.0,14400,LOW
17:56:12,20260401_175155,558,34.0,14400,REJECT
17:56:12,20260401_175155,559,40.1,19600,LOW
17:56:12,20260401_175155,560,29.9,14400,REJECT
17:56:12,20260401_175155,561,49.7,19044,LOW
17:56:13,20260401_175155,562,39.7,18496,REJECT
17:56:13,20260401_175155,563,31.4,14400,REJECT
17:56:13,20260401_175155,564,64.3,14400,LOW
17:56:14,20260401_175155,565,48.7,16384,LOW
17:56:14,20260401_175155,566,13.8,14400,REJECT
17:56:14,20260401_175155,567,61.7,14400,LOW
17:56:14,20260401_175155,568,27.0,14400,REJECT
17:56:15,20260401_175155,569,25.7,14400,REJECT
17:56:15,20260401_175155,570,28.0,14400,REJECT
17:56:16,20260401_175155,571,28.5,14400,REJECT
17:56:16,20260401_175155,572,58.6,23104,LOW
17:56:16,20260401_175155,573,29.2,14400,REJECT
17:56:17,20260401_175155,574,15.3,14400,REJECT
17:56:17,20260401_175155,575,40.7,14400,LOW
17:56:17,20260401_175155,576,19.0,14400,REJECT
17:56:18,20260401_175155,577,36.1,14400,REJECT
17:56:18,20260401_175155,578,9.6,14400,REJECT
17:56:19,20260401_175155,579,11.6,14400,REJECT
17:56:19,20260401_175155,580,59.5,14400,LOW
17:56:19,20260401_175155,581,9.7,14400,REJECT
17:56:20,20260401_175155,582,24.4,14400,REJECT
17:56:20,20260401_175155,583,32.6,21904,REJECT
17:56:21,20260401_175155,584,62.4,23104,LOW
17:56:21,20260401_175155,585,18.0,14400,REJECT
17:56:21,20260401_175155,586,23.3,14400,REJECT
17:56:21,20260401_175155,587,34.3,14400,REJECT
18:18:12,20260401_181758,0,73.2,1522756,LOW
18:18:14,20260401_181758,1,60.6,21316,LOW
18:18:14,20260401_181758,2,57.2,40000,LOW
18:18:15,20260401_181758,3,24.2,15876,REJECT
18:18:15,20260401_181758,4,58.3,20164,LOW
18:18:15,20260401_181758,5,63.4,36864,LOW
18:18:16,20260401_181758,6,41.3,25600,LOW
18:18:18,20260401_181758,7,25.0,14400,REJECT
18:18:22,20260401_181758,8,10.7,14400,REJECT
18:18:22,20260401_181758,9,65.1,14400,LOW
18:18:25,20260401_181758,10,23.6,357604,REJECT
18:18:25,20260401_181758,11,58.4,14400,LOW
18:18:26,20260401_181758,12,27.7,14400,REJECT
18:18:26,20260401_181758,13,45.6,42436,LOW
18:18:26,20260401_181758,14,36.0,54756,REJECT
18:18:26,20260401_181758,15,43.9,44100,LOW
18:18:27,20260401_181758,16,54.1,42436,LOW
18:18:28,20260401_181758,17,63.6,25600,LOW
18:18:29,20260401_181758,18,63.7,24336,LOW
18:18:29,20260401_181758,19,31.1,14400,REJECT
18:18:30,20260401_181758,20,66.1,24336,LOW
18:18:30,20260401_181758,21,19.3,14400,REJECT
18:18:30,20260401_181758,22,42.0,78400,LOW
18:18:31,20260401_181758,23,19.4,14400,REJECT
18:18:32,20260401_181758,24,16.3,14400,REJECT
18:18:32,20260401_181758,25,29.4,14400,REJECT
18:18:33,20260401_181758,26,40.0,14400,REJECT
18:18:34,20260401_181758,27,18.3,14400,REJECT
18:18:34,20260401_181758,28,48.7,14400,LOW
18:18:35,20260401_181758,29,24.1,14400,REJECT
18:18:35,20260401_181758,30,33.7,79524,REJECT
18:18:35,20260401_181758,31,18.9,14400,REJECT
18:18:36,20260401_181758,32,16.0,14400,REJECT
18:18:37,20260401_181758,33,19.6,14400,REJECT
18:18:37,20260401_181758,34,61.6,21316,LOW
18:18:38,20260401_181758,35,21.9,14400,REJECT
18:18:38,20260401_181758,36,12.4,14400,REJECT
18:18:39,20260401_181758,37,41.5,116964,LOW
18:18:39,20260401_181758,38,68.1,54756,LOW
18:18:40,20260401_181758,39,64.3,14400,LOW
18:18:40,20260401_181758,40,29.1,14400,REJECT
18:18:40,20260401_181758,41,75.4,14400,PASS
18:18:41,20260401_181758,42,73.3,14400,LOW
18:18:41,20260401_181758,43,84.3,14400,PASS
18:18:42,20260401_181758,44,46.7,14400,LOW
18:18:42,20260401_181758,45,34.9,14400,REJECT
18:18:43,20260401_181758,46,60.0,14400,LOW
18:18:43,20260401_181758,47,50.9,14400,LOW
18:18:44,20260401_181758,48,33.1,81796,REJECT
18:18:45,20260401_181758,49,42.3,331776,LOW
18:18:45,20260401_181758,50,51.9,26244,LOW
18:18:45,20260401_181758,51,64.9,18496,LOW
18:18:46,20260401_181758,52,57.3,14400,LOW
18:18:46,20260401_181758,53,53.8,14400,LOW
18:18:46,20260401_181758,54,75.7,19044,PASS
18:18:47,20260401_181758,55,40.0,14400,REJECT
18:18:47,20260401_181758,56,39.0,23716,REJECT
18:18:47,20260401_181758,57,45.1,29584,LOW
18:18:48,20260401_181758,58,49.8,14400,LOW
18:18:48,20260401_181758,59,36.4,14400,REJECT
18:18:49,20260401_181758,60,69.4,14400,LOW
18:18:49,20260401_181758,61,50.4,14400,LOW
18:18:49,20260401_181758,62,43.1,14400,LOW
18:18:50,20260401_181758,63,51.6,14400,LOW
18:18:50,20260401_181758,64,47.4,14400,LOW
18:18:51,20260401_181758,65,48.9,23104,LOW
18:18:51,20260401_181758,66,49.2,14400,LOW
18:18:51,20260401_181758,67,36.3,18496,REJECT
18:18:52,20260401_181758,68,39.2,14400,REJECT
18:18:52,20260401_181758,69,47.0,33856,LOW
18:18:53,20260401_181758,70,52.5,31684,LOW
18:18:53,20260401_181758,71,52.7,14400,LOW
18:18:54,20260401_181758,72,49.9,14400,LOW
18:18:54,20260401_181758,73,53.7,14400,LOW
18:18:55,20260401_181758,74,57.1,14400,LOW
18:18:55,20260401_181758,75,29.4,14400,REJECT
18:18:55,20260401_181758,76,55.2,15376,LOW
18:18:56,20260401_181758,77,77.5,14400,PASS
18:18:56,20260401_181758,78,49.3,14400,LOW
18:18:56,20260401_181758,79,27.1,14400,REJECT
18:18:57,20260401_181758,80,36.4,49284,REJECT
18:18:57,20260401_181758,81,36.5,22500,REJECT
18:18:57,20260401_181758,82,43.9,14400,LOW
18:18:58,20260401_181758,83,49.9,14400,LOW
18:18:58,20260401_181758,84,67.5,14400,LOW
18:18:58,20260401_181758,85,50.2,32400,LOW
18:18:59,20260401_181758,86,57.2,14400,LOW
18:18:59,20260401_181758,87,42.6,14400,LOW
18:19:00,20260401_181758,88,45.8,14400,LOW
18:19:00,20260401_181758,89,45.5,14400,LOW
18:19:00,20260401_181758,90,42.5,14400,LOW
18:19:01,20260401_181758,91,46.9,14400,LOW
18:19:01,20260401_181758,92,43.1,33856,LOW
18:19:01,20260401_181758,93,46.1,14400,LOW
18:19:02,20260401_181758,94,48.2,17956,LOW
18:19:02,20260401_181758,95,72.8,14400,LOW
18:19:02,20260401_181758,96,39.6,14400,REJECT
18:19:03,20260401_181758,97,62.1,14400,LOW
18:19:03,20260401_181758,98,48.3,28224,LOW
18:19:03,20260401_181758,99,40.4,14400,LOW
18:19:04,20260401_181758,100,42.2,14400,LOW
18:19:04,20260401_181758,101,46.0,14400,LOW
18:19:04,20260401_181758,102,55.9,32400,LOW
18:19:04,20260401_181758,103,36.0,14400,REJECT
18:19:05,20260401_181758,104,54.1,14400,LOW
18:19:05,20260401_181758,105,44.8,14400,LOW
18:19:06,20260401_181758,106,57.2,14400,LOW
18:19:06,20260401_181758,107,42.8,14400,LOW
18:32:36,20260401_183210,0,44.5,103700,LOW
18:32:36,20260401_183210,1,53.8,51484,LOW
18:32:39,20260401_183210,2,19.8,67275,REJECT
18:32:42,20260401_183210,3,22.0,72890,REJECT
18:32:45,20260401_183210,4,34.6,78189,REJECT
18:32:49,20260401_183210,5,38.1,69153,REJECT
18:32:50,20260401_183210,6,63.0,44232,LOW
18:32:50,20260401_183210,7,33.9,48204,REJECT
18:32:51,20260401_183210,8,46.2,53058,LOW
18:32:52,20260401_183210,9,66.1,51726,LOW
18:32:53,20260401_183210,10,40.7,65025,LOW
18:32:56,20260401_183210,11,43.8,36708,LOW
18:32:59,20260401_183210,12,52.5,21700,LOW
18:33:07,20260401_183210,13,32.0,44950,REJECT
18:33:10,20260401_183210,14,75.5,74800,PASS
18:33:11,20260401_183210,15,60.2,34185,LOW
18:33:12,20260401_183210,16,24.6,43766,REJECT
18:33:12,20260401_183210,17,14.2,26532,REJECT
18:33:14,20260401_183210,18,38.7,64262,REJECT
18:33:14,20260401_183210,19,81.2,95904,PASS
18:33:14,20260401_183210,20,53.1,65527,LOW
18:33:14,20260401_183210,21,23.1,52800,REJECT
18:33:18,20260401_183210,22,25.2,45500,REJECT
18:33:19,20260401_183210,23,74.8,125280,LOW
18:33:19,20260401_183210,24,42.3,78996,LOW
18:33:20,20260401_183210,25,32.2,18360,REJECT
18:33:22,20260401_183210,26,31.2,24510,REJECT
18:33:27,20260401_183210,27,11.7,72900,REJECT
18:33:27,20260401_183210,28,56.6,113245,LOW
18:33:28,20260401_183210,29,45.2,52796,LOW
18:33:28,20260401_183210,30,39.3,48498,REJECT
18:33:34,20260401_183210,31,29.3,26780,REJECT
18:33:36,20260401_183210,32,23.2,33920,REJECT
18:33:44,20260401_183210,33,48.5,20592,LOW
18:33:51,20260401_183210,34,18.6,24648,REJECT
18:33:52,20260401_183210,35,37.3,13050,REJECT
18:33:55,20260401_183210,36,61.2,42312,LOW
18:33:56,20260401_183210,37,59.3,49210,LOW
18:33:58,20260401_183210,38,58.3,46980,LOW
18:33:59,20260401_183210,39,42.2,9639,LOW
18:33:59,20260401_183210,40,34.1,14274,REJECT
18:34:00,20260401_183210,41,38.8,35644,REJECT
18:34:05,20260401_183210,42,75.1,19800,PASS
18:34:08,20260401_183210,43,58.3,19872,LOW
18:34:12,20260401_183210,44,30.0,47310,REJECT
18:34:14,20260401_183210,45,65.1,25947,LOW
18:34:15,20260401_183210,46,68.0,26315,LOW
18:34:16,20260401_183210,47,50.1,28314,LOW
18:34:17,20260401_183210,48,55.4,25868,LOW
18:34:17,20260401_183210,49,33.8,29820,REJECT
18:34:21,20260401_183210,50,46.0,33796,LOW
18:34:24,20260401_183210,51,43.5,39498,LOW
18:34:25,20260401_183210,52,26.4,49268,REJECT
18:34:26,20260401_183210,53,46.5,94248,LOW
18:34:28,20260401_183210,54,51.1,12882,LOW
18:34:29,20260401_183210,55,69.5,50806,LOW
18:34:30,20260401_183210,56,24.2,47488,REJECT
18:34:31,20260401_183210,57,61.8,83160,LOW
18:34:35,20260401_183210,58,19.5,71905,REJECT
18:34:35,20260401_183210,59,56.9,129940,LOW
18:34:36,20260401_183210,60,58.3,39955,LOW
18:34:37,20260401_183210,61,51.0,26680,LOW
18:34:43,20260401_183210,62,48.4,17155,LOW
18:34:44,20260401_183210,63,44.3,11610,LOW
18:34:48,20260401_183210,64,78.7,72165,PASS
18:34:48,20260401_183210,65,68.7,60554,LOW
18:34:48,20260401_183210,66,14.1,56224,REJECT
18:34:48,20260401_183210,67,14.6,57600,REJECT
18:34:51,20260401_183210,68,21.6,55926,REJECT
18:34:52,20260401_183210,69,16.8,54522,REJECT
18:34:53,20260401_183210,70,36.7,7965,REJECT
18:34:55,20260401_183210,71,47.2,37814,LOW
18:34:57,20260401_183210,72,50.1,19671,LOW
18:34:57,20260401_183210,73,53.2,45760,LOW
18:35:00,20260401_183210,74,35.3,54390,REJECT
18:35:02,20260401_183210,75,40.9,14688,LOW
18:35:03,20260401_183210,76,31.8,20503,REJECT
18:35:03,20260401_183210,77,33.5,16492,REJECT
18:35:06,20260401_183210,78,21.0,54780,REJECT
18:35:08,20260401_183210,79,20.5,56792,REJECT
18:35:10,20260401_183210,80,26.7,18699,REJECT
18:35:11,20260401_183210,81,26.6,11804,REJECT
18:35:12,20260401_183210,82,64.6,15080,LOW
18:35:13,20260401_183210,83,51.2,29718,LOW
18:35:13,20260401_183210,84,22.1,13080,REJECT
18:35:16,20260401_183210,85,31.1,9430,REJECT
18:35:17,20260401_183210,86,34.6,16756,REJECT
18:35:18,20260401_183210,87,25.7,54273,REJECT
18:35:21,20260401_183210,88,30.0,27522,REJECT
18:35:25,20260401_183210,89,43.2,53824,LOW
18:35:26,20260401_183210,90,30.3,38055,REJECT
18:35:27,20260401_183210,91,54.3,12597,LOW
18:35:28,20260401_183210,92,26.7,17325,REJECT
18:35:30,20260401_183210,93,53.8,97650,LOW
18:35:30,20260401_183210,94,51.9,31250,LOW
18:35:30,20260401_183210,95,16.4,24768,REJECT
18:35:44,20260401_183210,96,43.1,5642,LOW
18:35:46,20260401_183210,97,61.4,15006,LOW
18:35:49,20260401_183210,98,29.7,37442,REJECT
18:35:49,20260401_183210,99,39.8,35640,REJECT
18:35:49,20260401_183210,100,64.6,37828,LOW
18:35:50,20260401_183210,101,14.5,21228,REJECT
18:35:51,20260401_183210,102,61.6,7544,LOW
18:35:52,20260401_183210,103,63.1,38214,LOW
18:35:53,20260401_183210,104,15.5,28560,REJECT
18:35:54,20260401_183210,105,51.0,30846,LOW
18:35:55,20260401_183210,106,13.2,28223,REJECT
18:35:56,20260401_183210,107,42.1,29070,LOW
18:35:58,20260401_183210,108,42.4,18624,LOW
18:35:59,20260401_183210,109,54.7,49283,LOW
18:35:59,20260401_183210,110,20.1,31494,REJECT
18:36:46,20260401_183629,0,30.3,93318,REJECT
18:36:50,20260401_183629,1,27.5,160556,REJECT
18:36:52,20260401_183629,2,46.3,72630,LOW
18:36:52,20260401_183629,3,56.9,204168,LOW
18:36:53,20260401_183629,4,23.3,182691,REJECT
18:36:56,20260401_183629,5,34.6,23296,REJECT
18:36:58,20260401_183629,6,30.3,101848,REJECT
18:36:58,20260401_183629,7,25.2,81055,REJECT
18:37:01,20260401_183629,8,25.0,70209,REJECT
18:37:02,20260401_183629,9,43.7,110625,LOW
18:37:02,20260401_183629,10,46.0,62400,LOW
18:37:02,20260401_183629,11,51.1,70613,LOW
18:37:03,20260401_183629,12,66.4,44310,LOW
18:37:04,20260401_183629,13,44.4,30400,LOW
18:37:05,20260401_183629,14,43.8,49608,LOW
18:37:05,20260401_183629,15,13.4,38640,REJECT
18:37:06,20260401_183629,16,19.7,37674,REJECT
18:37:15,20260401_183629,18,36.5,27550,REJECT
18:37:48,20260401_183731,0,35.9,162520,REJECT
18:37:48,20260401_183731,1,40.8,143530,LOW
18:37:50,20260401_183731,2,49.1,212676,LOW
18:37:51,20260401_183731,3,49.5,89938,LOW
18:37:51,20260401_183731,4,28.7,49794,REJECT
18:37:51,20260401_183731,5,60.0,14352,LOW
18:37:57,20260401_183731,6,60.5,40831,LOW
18:38:02,20260401_183731,7,42.1,25886,LOW
18:38:02,20260401_183731,8,67.4,12985,LOW
18:38:08,20260401_183731,9,51.9,16472,LOW
18:38:08,20260401_183731,10,37.8,38340,REJECT
18:38:09,20260401_183731,11,25.7,41004,REJECT
18:38:10,20260401_183731,12,30.7,44290,REJECT
18:38:11,20260401_183731,13,27.8,71225,REJECT
18:38:11,20260401_183731,14,35.3,28188,REJECT
18:40:00,20260401_183956,0,66.4,176860,LOW
18:40:01,20260401_183956,1,49.8,130698,LOW
18:40:01,20260401_183956,2,42.6,105432,LOW
18:40:02,20260401_183956,3,40.7,47600,LOW
18:40:02,20260401_183956,4,35.9,49319,REJECT
18:40:04,20260401_183956,5,46.2,48140,LOW
18:40:06,20260401_183956,6,51.6,19580,LOW
18:40:07,20260401_183956,7,71.2,45888,LOW
18:40:07,20260401_183956,8,62.2,47443,LOW
18:40:08,20260401_183956,9,25.2,69230,REJECT
18:40:08,20260401_183956,10,46.0,55671,LOW
18:40:09,20260401_183956,11,40.7,49629,LOW
18:40:09,20260401_183956,12,16.4,41344,REJECT
18:40:10,20260401_183956,13,24.8,46191,REJECT
18:40:14,20260401_183956,14,20.3,29192,REJECT
18:40:15,20260401_183956,15,54.8,14994,LOW
18:49:45,20260401_184929,0,65.6,56826,LOW
18:49:46,20260401_184929,1,60.2,74250,LOW
18:49:46,20260401_184929,2,13.2,28448,REJECT
18:49:47,20260401_184929,3,71.3,68628,LOW
18:49:51,20260401_184929,4,9.9,23594,REJECT
18:49:58,20260401_184929,5,48.2,27455,LOW
18:49:59,20260401_184929,6,46.3,17352,LOW
18:50:03,20260401_184929,7,58.9,77376,LOW
18:50:07,20260401_184929,8,54.7,14388,LOW
18:50:08,20260401_184929,9,41.5,37884,LOW
18:50:13,20260401_184929,10,40.7,11232,LOW
18:50:15,20260401_184929,11,59.1,19968,LOW
18:50:18,20260401_184929,12,23.4,24656,REJECT
18:50:19,20260401_184929,13,41.2,21945,LOW
18:50:25,20260401_184929,14,22.8,15480,REJECT
18:50:27,20260401_184929,15,18.9,53016,REJECT
18:50:29,20260401_184929,16,36.2,13509,REJECT
18:50:30,20260401_184929,17,78.2,8200,PASS
18:50:35,20260401_184929,18,67.3,12314,LOW
18:50:36,20260401_184929,19,41.1,10716,LOW
18:50:45,20260401_184929,20,39.0,47092,REJECT
18:50:45,20260401_184929,21,57.4,31941,LOW
18:50:47,20260401_184929,22,22.2,12636,REJECT
18:50:48,20260401_184929,23,40.2,56232,LOW
