Date,Time,Millis,Sensor1,Sensor2
2026-03-25,20:55:48,2000,1043,1221
2026-03-25,20:55:50,4000,1047,1217
2026-03-25,20:55:52,6000,1045,1217
2026-03-25,20:55:54,8000,1047,1211
2026-03-25,20:55:56,10000,1049,1223
2026-03-25,20:55:58,12000,1057,986
2026-03-25,20:56:00,14000,1055,1216
2026-03-25,20:56:02,16000,1042,1221
2026-03-25,20:56:04,18000,1038,1216
2026-03-25,20:56:06,20000,1049,1229
2026-03-25,20:56:08,22000,1057,1225
2026-03-25,20:56:10,24000,1024,1231
2026-03-25,20:56:12,26000,1054,1216
2026-03-25,20:56:14,28000,1040,1230
2026-03-25,20:56:16,30000,1051,1223
2026-03-25,20:56:18,32000,1057,1217
2026-03-25,20:56:20,34000,1040,1213
2026-03-25,20:56:22,36000,1047,1217
2026-03-25,20:56:24,38000,1061,1219
2026-03-25,20:56:26,40000,1046,1226
2026-03-25,20:56:28,42000,1047,1218
2026-03-25,20:56:30,44000,1051,1223
2026-03-25,20:56:32,46000,1054,1218
2026-03-25,20:56:34,48000,1041,1229
2026-03-25,20:56:36,50000,1010,1231
2026-03-25,20:56:38,52000,1043,1238
2026-03-25,20:56:40,54000,1055,1218
2026-03-25,20:56:42,56000,1045,1222
2026-03-25,20:56:44,58000,1033,1209
2026-03-25,20:56:46,60000,1063,1223
2026-03-25,20:56:48,62000,1033,1439
2026-03-25,20:56:50,64000,1041,1225
2026-03-25,20:56:52,66000,1047,1218
2026-03-25,20:56:54,68000,1038,1231
2026-03-25,20:56:56,70000,1023,1220
2026-03-25,20:56:58,72000,1043,1226
2026-03-25,20:57:00,74000,1034,1168
2026-03-25,20:57:02,76000,1015,1225
2026-03-25,20:57:04,78000,1023,1218
2026-03-25,20:57:06,80000,1063,1217
2026-03-25,20:57:08,82000,1072,1221
2026-03-25,20:57:10,84000,1050,1231
2026-03-25,20:57:12,86000,1038,1222
2026-03-25,20:57:14,88000,1040,1229
2026-03-25,20:57:16,90000,1040,1215
2026-03-25,20:57:18,92000,1051,1229
2026-03-25,20:57:20,94000,1040,1211
2026-03-25,20:57:22,96000,1023,1244
2026-03-25,20:57:24,98000,1057,1217
2026-03-25,20:57:26,100000,1039,1214
2026-03-25,20:57:28,102000,1038,1232
2026-03-25,20:57:30,104000,1022,1234
2026-03-25,20:57:32,106000,1023,1223
2026-03-25,20:57:34,108000,1035,1219
2026-03-25,20:57:36,110000,1021,1227
2026-03-25,20:57:38,112000,1040,1215
2026-03-25,20:57:40,114000,1041,1231
2026-03-25,20:57:42,116000,1023,1216
2026-03-25,20:57:44,118000,1021,1243
2026-03-25,20:57:46,120000,1039,1216
2026-03-25,20:57:48,122000,1009,1231
2026-03-25,20:57:50,124000,1061,1219
2026-03-25,20:57:52,126000,1045,1214
2026-03-25,20:57:54,128000,1023,1248
2026-03-25,20:57:56,130000,985,1218
2026-03-25,20:57:58,132000,1039,1222
2026-03-25,20:58:00,134000,1001,1217
2026-03-25,20:58:02,136000,1039,1205
2026-03-25,20:58:04,138000,1038,1217
2026-03-25,20:58:06,140000,1010,1216
2026-03-25,20:58:08,142000,1011,1225
2026-03-25,20:58:10,144000,1030,1221
2026-03-25,20:58:12,146000,1016,1225
2026-03-25,20:58:14,148000,1033,1228
2026-03-25,20:58:16,150000,1011,1216
2026-03-25,20:58:18,152000,1013,1202
2026-03-25,20:58:20,154000,1019,1224
2026-03-25,20:58:22,156000,1014,1238
2026-03-25,20:58:24,158000,1023,1231
2026-03-25,20:58:26,160000,1023,1222
2026-03-25,20:58:28,162000,1021,1222
2026-03-25,20:58:30,164000,1010,1215
2026-03-25,20:58:32,166000,1008,1215
2026-03-25,20:58:34,168000,1008,1230
2026-03-25,20:58:36,170000,1009,1213
2026-03-25,20:58:38,172000,1018,1227
2026-03-25,20:58:40,174000,1005,1222
2026-03-25,20:58:42,176000,1023,1219
2026-03-25,20:58:44,178000,1013,1228
2026-03-25,20:58:46,180000,1023,1205
2026-03-25,20:58:48,182000,1013,1228
2026-03-25,20:58:50,184000,1023,1285
2026-03-25,20:58:52,186000,1023,1221
2026-03-25,20:58:54,188000,1021,1216
2026-03-25,20:58:56,190000,1178,1223
2026-03-25,20:58:58,192000,1019,1230
2026-03-25,20:59:00,194000,1006,1222
2026-03-25,20:59:02,196000,1015,1218
2026-03-25,20:59:04,198000,1011,1264
2026-03-25,20:59:06,200000,1018,1229
2026-03-25,20:59:08,202000,1015,1222
2026-03-25,20:59:10,204000,1013,1219
2026-03-25,20:59:12,206000,1005,1219
2026-03-25,20:59:14,208000,1003,1223
2026-03-25,20:59:16,210000,1002,1218
2026-03-25,20:59:18,212000,1006,1229
2026-03-25,20:59:20,214000,1033,1261
2026-03-25,20:59:22,216000,1023,1233
2026-03-25,20:59:24,218000,1015,1216
2026-03-25,20:59:26,220000,1012,1225
2026-03-25,20:59:28,222000,1021,1218
2026-03-25,20:59:30,224000,1021,1229
2026-03-25,20:59:32,226000,1018,1215
2026-03-25,20:59:34,228000,1007,1217
2026-03-25,20:59:36,230000,1008,1216
2026-03-25,20:59:38,232000,1011,1216
2026-03-25,20:59:40,234000,1007,1291
2026-03-25,20:59:42,236000,1009,1224
2026-03-25,20:59:44,238000,998,1219
2026-03-25,20:59:46,240000,1011,1471
2026-03-25,20:59:48,242000,1007,1221
2026-03-25,20:59:50,244000,992,1228
2026-03-25,20:59:52,246000,961,1222
2026-03-25,20:59:54,248000,1010,1219
2026-03-25,20:59:56,250000,997,1220
2026-03-25,20:59:58,252000,1008,1219
2026-03-25,21:00:00,254000,1001,1227
2026-03-25,21:00:02,256000,1008,1217
2026-03-25,21:00:04,258000,997,1204
2026-03-25,21:00:06,260000,992,1201
2026-03-25,21:00:08,262000,977,1215
2026-03-25,21:00:10,264000,978,1201
2026-03-25,21:00:12,266000,988,1215
2026-03-25,21:00:14,268000,983,1203
2026-03-25,21:00:16,270000,996,1200
2026-03-25,21:00:18,272000,931,1165
2026-03-25,21:00:20,274000,929,1151
2026-03-25,21:00:22,276000,963,1198
2026-03-25,21:00:24,278000,971,1195
2026-03-25,21:00:26,280000,967,1203
2026-03-25,21:00:28,282000,974,1219
2026-03-25,21:00:30,284000,971,1210
2026-03-25,21:00:32,286000,973,947
2026-03-25,21:00:34,288000,970,1206
2026-03-25,21:00:36,290000,977,1193
2026-03-25,21:00:38,292000,964,1200
2026-03-25,21:00:40,294000,965,1200
2026-03-25,21:00:42,296000,1114,1204
2026-03-25,21:00:44,298000,965,1207
2026-03-25,21:00:46,300000,960,1145
2026-03-25,21:00:48,302000,965,1200
2026-03-25,21:00:50,304000,939,1203
2026-03-25,21:00:52,306000,960,1198
2026-03-25,21:00:54,308000,974,1194
2026-03-25,21:00:56,310000,958,1190
2026-03-25,21:00:58,312000,959,1193
2026-03-25,21:01:00,314000,961,1199
2026-03-25,21:01:02,316000,961,1201
2026-03-25,21:01:04,318000,951,1197
2026-03-25,21:01:06,320000,960,1201
2026-03-25,21:01:08,322000,965,1200
2026-03-25,21:01:10,324000,947,1201
2026-03-25,21:01:12,326000,951,1203
2026-03-25,21:01:14,328000,963,1203
2026-03-25,21:01:16,330000,977,1200
2026-03-25,21:01:18,332000,960,1246
2026-03-25,21:01:20,334000,960,1203
2026-03-25,21:01:22,336000,910,1201
2026-03-25,21:01:24,338000,972,1163
2026-03-25,21:01:26,340000,958,1203
2026-03-25,21:01:28,342000,977,1207
2026-03-25,21:01:30,344000,934,1197
2026-03-25,21:01:32,346000,957,1203
2026-03-25,21:01:34,348000,976,1201
2026-03-25,21:01:36,350000,981,1207
2026-03-25,21:01:38,352000,955,1200
2026-03-25,21:01:40,354000,960,1198
2026-03-25,21:01:42,356000,959,1207
2026-03-25,21:01:44,358000,946,1207
2026-03-25,21:01:46,360000,947,1200
2026-03-25,21:01:48,362000,963,1287
2026-03-25,21:01:50,364000,961,1201
2026-03-25,21:01:52,366000,860,1211
2026-03-25,21:01:54,368000,907,1201
2026-03-25,21:01:56,370000,960,1203
2026-03-25,21:01:58,372000,961,1209
2026-03-25,21:02:00,374000,950,1200
2026-03-25,21:02:02,376000,959,1276
2026-03-25,21:02:04,378000,962,1219
2026-03-25,21:02:06,380000,973,1190
2026-03-25,21:02:08,382000,967,1207
2026-03-25,21:02:10,384000,973,1205
2026-03-25,21:02:12,386000,1570,1200
2026-03-25,21:02:14,388000,967,1211
2026-03-25,21:02:16,390000,962,1206
2026-03-25,21:02:18,392000,961,1200
2026-03-25,21:02:20,394000,953,1200
2026-03-25,21:02:22,396000,966,1213
2026-03-25,21:02:24,398000,955,1216
2026-03-25,21:02:26,400000,973,1203
2026-03-25,21:02:28,402000,959,1211
2026-03-25,21:02:30,404000,951,1209
2026-03-25,21:02:32,406000,955,1200
2026-03-25,21:02:34,408000,942,1213
2026-03-25,21:02:36,410000,967,1200
2026-03-25,21:02:38,412000,957,1205
2026-03-25,21:02:40,414000,962,1207
2026-03-25,21:02:42,416000,965,1213
2026-03-25,21:02:44,418000,944,1198
2026-03-25,21:02:46,420000,964,1202
2026-03-25,21:02:48,422000,960,1206
2026-03-25,21:02:50,424000,958,1201
2026-03-25,21:02:52,426000,957,1209
2026-03-25,21:02:54,428000,951,1209
2026-03-25,21:02:56,430000,877,1200
2026-03-25,21:02:58,432000,958,1207
2026-03-25,21:03:00,434000,944,1206
2026-03-25,21:03:02,436000,964,1200
2026-03-25,21:03:04,438000,954,1202
2026-03-25,21:03:06,440000,944,1200
2026-03-25,21:03:08,442000,950,1206
2026-03-25,21:03:10,444000,956,1216
2026-03-25,21:03:12,446000,964,1214
2026-03-25,21:03:14,448000,942,1207
2026-03-25,21:03:16,450000,955,1211
2026-03-25,21:03:18,452000,957,1296
2026-03-25,21:03:20,454000,970,1211
2026-03-25,21:03:22,456000,944,1200
2026-03-25,21:03:24,458000,941,1207
2026-03-25,21:03:26,460000,956,1205
2026-03-25,21:03:28,462000,933,1211
2026-03-25,21:03:30,464000,1055,1209
2026-03-25,21:03:32,466000,939,1209
2026-03-25,21:03:34,468000,961,1203
2026-03-25,21:03:36,470000,949,1203
2026-03-25,21:03:38,472000,961,1216
2026-03-25,21:03:40,474000,949,1217
2026-03-25,21:03:42,476000,960,1214
2026-03-25,21:03:44,478000,950,1227
2026-03-25,21:03:46,480000,971,1220
2026-03-25,21:03:48,482000,966,1218
2026-03-25,21:03:50,484000,953,1212
2026-03-25,21:03:52,486000,949,1222
2026-03-25,21:03:54,488000,930,1203
2026-03-25,21:03:56,490000,945,1208
2026-03-25,21:03:58,492000,941,1214
2026-03-25,21:04:00,494000,949,1216
2026-03-25,21:04:02,496000,946,1094
2026-03-25,21:04:04,498000,954,1216
2026-03-25,21:04:06,500000,955,1221
2026-03-25,21:04:08,502000,944,1214
2026-03-25,21:04:10,504000,935,1217
2026-03-25,21:04:12,506000,944,1215
2026-03-25,21:04:14,508000,935,1216
2026-03-25,21:04:16,510000,959,1216
2026-03-25,21:04:18,512000,923,1219
2026-03-25,21:04:20,514000,953,1217
2026-03-25,21:04:22,516000,934,1216
2026-03-25,21:04:24,518000,938,1216
2026-03-25,21:04:26,520000,946,1306
2026-03-25,21:04:28,522000,944,1218
2026-03-25,21:04:30,524000,1149,1221
2026-03-25,21:04:32,526000,951,1216
2026-03-25,21:04:34,528000,944,1217
2026-03-25,21:04:36,530000,944,1222
2026-03-25,21:04:38,532000,944,1216
2026-03-25,21:04:40,534000,942,1214
2026-03-25,21:04:42,536000,935,1205
2026-03-25,21:04:44,538000,937,1219
2026-03-25,21:04:46,540000,942,1204
2026-03-25,21:04:48,542000,272,1222
2026-03-25,21:04:50,544000,944,1227
2026-03-25,21:04:52,546000,926,1158
2026-03-25,21:04:54,548000,942,1222
2026-03-25,21:04:56,550000,942,1225
2026-03-25,21:04:58,552000,938,1206
2026-03-25,21:05:00,554000,924,1217
2026-03-25,21:05:02,556000,955,1221
2026-03-25,21:05:04,558000,921,1216
2026-03-25,21:05:06,560000,937,1219
2026-03-25,21:05:08,562000,929,1207
2026-03-25,21:05:10,564000,934,1216
2026-03-25,21:05:12,566000,960,1219
2026-03-25,21:05:14,568000,947,1223
2026-03-25,21:05:16,570000,937,1389
2026-03-25,21:05:18,572000,934,1218
2026-03-25,21:05:20,574000,932,1221
2026-03-25,21:05:22,576000,949,1219
2026-03-25,21:05:24,578000,943,1225
2026-03-25,21:05:26,580000,928,1215
2026-03-25,21:05:28,582000,931,1225
2026-03-25,21:05:30,584000,931,1222
2026-03-25,21:05:32,586000,926,1221
2026-03-25,21:05:34,588000,945,1219
2026-03-25,21:05:36,590000,816,1218
2026-03-25,21:05:38,592000,957,1215
2026-03-25,21:05:40,594000,925,1195
2026-03-25,21:05:42,596000,934,1221
2026-03-25,21:05:44,598000,944,1226
2026-03-25,21:05:46,600000,944,1360
2026-03-25,21:05:48,602000,923,1200
2026-03-25,21:05:50,604000,937,1222
2026-03-25,21:05:52,606000,932,1231
2026-03-25,21:05:54,608000,1171,1213
2026-03-25,21:05:56,610000,919,1219
2026-03-25,21:05:58,612000,946,1227
2026-03-25,21:06:00,614000,953,1221
2026-03-25,21:06:02,616000,943,1222
2026-03-25,21:06:04,618000,951,1221
2026-03-25,21:06:06,620000,924,1222
2026-03-25,21:06:08,622000,929,1231
2026-03-25,21:06:10,624000,930,1215
2026-03-25,21:06:12,626000,937,1213
2026-03-25,21:06:14,628000,942,1222
2026-03-25,21:06:16,630000,928,1232
2026-03-25,21:06:18,632000,938,1223
2026-03-25,21:06:20,634000,922,1221
2026-03-25,21:06:22,636000,937,1219
2026-03-25,21:06:24,638000,944,1301
2026-03-25,21:06:26,640000,930,1217
2026-03-25,21:06:28,642000,912,1215
2026-03-25,21:06:30,644000,960,1173
2026-03-25,21:06:32,646000,928,1232
2026-03-25,21:06:34,648000,937,1225
2026-03-25,21:06:36,650000,957,1223
2026-03-25,21:06:38,652000,956,1227
2026-03-25,21:06:40,654000,929,1217
2026-03-25,21:06:42,656000,926,1220
2026-03-25,21:06:44,658000,941,1227
2026-03-25,21:06:46,660000,939,1219
2026-03-25,21:06:48,662000,933,1222
2026-03-25,21:06:50,664000,928,1230
2026-03-25,21:06:52,666000,942,1223
2026-03-25,21:06:54,668000,926,1217
2026-03-25,21:06:56,670000,938,1295
2026-03-25,21:06:58,672000,929,1231
2026-03-25,21:07:00,674000,930,1230
2026-03-25,21:07:02,676000,945,1171
2026-03-25,21:07:04,678000,948,1219
2026-03-25,21:07:06,680000,768,1233
2026-03-25,21:07:08,682000,894,1221
2026-03-25,21:07:10,684000,921,1212
2026-03-25,21:07:12,686000,878,1233
2026-03-25,21:07:14,688000,923,1217
2026-03-25,21:07:16,690000,896,1210
2026-03-25,21:07:18,692000,928,1232
2026-03-25,21:07:20,694000,924,1216
2026-03-25,21:07:22,696000,928,1218
2026-03-25,21:07:24,698000,920,1228
2026-03-25,21:07:26,700000,930,1232
2026-03-25,21:07:28,702000,928,1219
2026-03-25,21:07:30,704000,926,1238
2026-03-25,21:07:32,706000,925,1216
2026-03-25,21:07:34,708000,906,1232
2026-03-25,21:07:36,710000,922,1216
2026-03-25,21:07:38,712000,913,1218
2026-03-25,21:07:40,714000,940,1214
2026-03-25,21:07:42,716000,934,1214
2026-03-25,21:07:44,718000,935,1223
2026-03-25,21:07:46,720000,918,1221
2026-03-25,21:07:48,722000,921,1231
2026-03-25,21:07:50,724000,925,1233
2026-03-25,21:07:52,726000,913,1220
2026-03-25,21:07:54,728000,915,1255
2026-03-25,21:07:56,730000,912,1216
2026-03-25,21:07:58,732000,966,1232
2026-03-25,21:08:00,734000,914,1222
2026-03-25,21:08:02,736000,913,1221
2026-03-25,21:08:04,738000,928,1207
2026-03-25,21:08:06,740000,915,1222
2026-03-25,21:08:08,742000,933,1217
2026-03-25,21:08:10,744000,929,1222
2026-03-25,21:08:12,746000,912,1218
2026-03-25,21:08:14,748000,945,1225
2026-03-25,21:08:16,750000,912,1218
2026-03-25,21:08:18,752000,922,1204
2026-03-25,21:08:20,754000,912,1222
2026-03-25,21:08:22,756000,912,1211
2026-03-25,21:08:24,758000,902,1225
2026-03-25,21:08:26,760000,912,1210
2026-03-25,21:08:28,762000,912,1232
2026-03-25,21:08:30,764000,914,1229
2026-03-25,21:08:32,766000,922,1223
2026-03-25,21:08:34,768000,926,1223
2026-03-25,21:08:36,770000,906,1232
2026-03-25,21:08:38,772000,911,1231
2026-03-25,21:08:40,774000,910,1231
2026-03-25,21:08:42,776000,903,1237
2026-03-25,21:08:44,778000,925,1217
2026-03-25,21:08:46,780000,818,1226
2026-03-25,21:08:48,782000,906,1222
2026-03-25,21:08:50,784000,915,1232
2026-03-25,21:08:52,786000,910,1216
2026-03-25,21:08:54,788000,923,1223
2026-03-25,21:08:56,790000,910,1226
2026-03-25,21:08:58,792000,902,1223
2026-03-25,21:09:00,794000,928,1235
2026-03-25,21:09:02,796000,911,1214
2026-03-25,21:09:04,798000,901,1226
2026-03-25,21:09:06,800000,916,1231
2026-03-25,21:09:08,802000,910,1231
2026-03-25,21:09:10,804000,899,1210
2026-03-25,21:09:12,806000,901,1232
2026-03-25,21:09:14,808000,899,1230
2026-03-25,21:09:16,810000,924,1215
2026-03-25,21:09:18,812000,903,1260
2026-03-25,21:09:20,814000,907,1206
2026-03-25,21:09:22,816000,912,1233
2026-03-25,21:09:24,818000,920,1227
2026-03-25,21:09:26,820000,913,1223
2026-03-25,21:09:28,822000,896,1221
2026-03-25,21:09:30,824000,912,1121
2026-03-25,21:09:32,826000,914,1219
2026-03-25,21:09:34,828000,911,1227
2026-03-25,21:09:36,830000,904,1232
2026-03-25,21:09:38,832000,916,1215
2026-03-25,21:09:40,834000,911,1232
2026-03-25,21:09:42,836000,923,1230
2026-03-25,21:09:44,838000,906,1227
2026-03-25,21:09:46,840000,913,1223
2026-03-25,21:09:48,842000,906,1214
2026-03-25,21:09:50,844000,901,1221
2026-03-25,21:09:52,846000,822,1217
2026-03-25,21:09:54,848000,887,1232
2026-03-25,21:09:56,850000,895,1227
2026-03-25,21:09:58,852000,889,1229
2026-03-25,21:10:00,854000,901,1250
2026-03-25,21:10:02,856000,897,1230
2026-03-25,21:10:04,858000,910,1276
2026-03-25,21:10:06,860000,901,1217
2026-03-25,21:10:08,862000,941,1228
2026-03-25,21:10:10,864000,897,1215
2026-03-25,21:10:12,866000,911,1214
2026-03-25,21:10:14,868000,880,1225
2026-03-25,21:10:16,870000,912,1231
2026-03-25,21:10:18,872000,907,1199
2026-03-25,21:10:20,874000,910,1214
2026-03-25,21:10:22,876000,901,1217
2026-03-25,21:10:24,878000,902,1248
2026-03-25,21:10:26,880000,899,1211
2026-03-25,21:10:28,882000,896,1212
2026-03-25,21:10:30,884000,896,1217
2026-03-25,21:10:32,886000,913,1226
2026-03-25,21:10:34,888000,898,1214
2026-03-25,21:10:36,890000,829,1139
2026-03-25,21:10:38,892000,820,1137
2026-03-25,21:10:40,894000,829,1148
2026-03-25,21:10:42,896000,848,1162
2026-03-25,21:10:44,898000,840,1167
2026-03-25,21:10:46,900000,828,1167
2026-03-25,21:10:48,902000,828,1126
2026-03-25,21:10:50,904000,807,1121
2026-03-25,21:10:52,906000,815,1143
2026-03-25,21:10:54,908000,812,1123
2026-03-25,21:10:56,910000,810,1114
2026-03-25,21:10:58,912000,750,1121
2026-03-25,21:11:00,914000,819,1143
2026-03-25,21:11:02,916000,803,1091
2026-03-25,21:11:04,918000,858,1206
2026-03-25,21:11:06,920000,870,1199
2026-03-25,21:11:08,922000,885,1208
2026-03-25,21:11:10,924000,891,1210
2026-03-25,21:11:12,926000,901,1187
2026-03-25,21:11:14,928000,912,1222
2026-03-25,21:11:16,930000,901,1226
2026-03-25,21:11:18,932000,857,1230
2026-03-25,21:11:20,934000,906,1230
2026-03-25,21:11:22,936000,894,1230
2026-03-25,21:11:24,938000,915,1223
2026-03-25,21:11:26,940000,909,1223
2026-03-25,21:11:28,942000,919,1223
2026-03-25,21:11:30,944000,912,1232
2026-03-25,21:11:32,946000,912,1228
2026-03-25,21:11:34,948000,912,1241
2026-03-25,21:11:36,950000,912,1232
2026-03-25,21:11:38,952000,913,1233
2026-03-25,21:11:40,954000,918,1232
2026-03-25,21:11:42,956000,898,1234
2026-03-25,21:11:44,958000,909,1235
2026-03-25,21:11:46,960000,912,1255
2026-03-25,21:11:48,962000,903,1236
2026-03-25,21:11:50,964000,915,1243
2026-03-25,21:11:52,966000,942,1223
2026-03-25,21:11:54,968000,927,1236
2026-03-25,21:11:56,970000,895,1233
2026-03-25,21:11:58,972000,911,1236
2026-03-25,21:12:00,974000,911,1237
2026-03-25,21:12:02,976000,916,1247
2026-03-25,21:12:04,978000,903,1239
2026-03-25,21:12:06,980000,905,1250
2026-03-25,21:12:08,982000,960,1243
2026-03-25,21:12:10,984000,896,1238
2026-03-25,21:12:12,986000,896,1238
2026-03-25,21:12:14,988000,913,1235
2026-03-25,21:12:16,990000,907,1247
2026-03-25,21:12:18,992000,912,1237
2026-03-25,21:12:20,994000,907,1168
2026-03-25,21:12:22,996000,912,1241
2026-03-25,21:12:24,998000,912,1245
2026-03-25,21:12:26,1000000,904,1239
2026-03-25,21:12:28,1002000,899,1253
2026-03-25,21:12:30,1004000,912,1238
2026-03-25,21:12:32,1006000,901,1247
2026-03-25,21:12:34,1008000,908,1234
2026-03-25,21:12:36,1010000,912,1246
2026-03-25,21:12:38,1012000,914,1286
2026-03-25,21:12:40,1014000,914,1246
2026-03-25,21:12:42,1016000,923,1245
2026-03-25,21:12:44,1018000,909,1255
2026-03-25,21:12:46,1020000,909,1243
2026-03-25,21:12:48,1022000,906,1239
2026-03-25,21:12:50,1024000,906,1258
2026-03-25,21:12:52,1026000,916,1241
2026-03-25,21:12:54,1028000,897,1232
2026-03-25,21:12:56,1030000,895,1235
2026-03-25,21:12:58,1032000,911,1243
2026-03-25,21:13:00,1034000,906,1229
2026-03-25,21:13:02,1036000,929,1243
2026-03-25,21:13:04,1038000,908,1247
2026-03-25,21:13:06,1040000,909,1232
2026-03-25,21:13:08,1042000,912,1243
2026-03-25,21:13:10,1044000,902,1241
2026-03-25,21:13:12,1046000,909,1250
2026-03-25,21:13:14,1048000,912,1327
2026-03-25,21:13:16,1050000,910,1249
2026-03-25,21:13:18,1052000,917,1243
2026-03-25,21:13:20,1054000,911,1237
2026-03-25,21:13:22,1056000,896,1238
2026-03-25,21:13:24,1058000,898,1237
2026-03-25,21:13:26,1060000,913,1245
2026-03-25,21:13:28,1062000,869,1240
2026-03-25,21:13:30,1064000,914,1242
2026-03-25,21:13:32,1066000,908,1238
2026-03-25,21:13:34,1068000,898,1277
2026-03-25,21:13:36,1070000,915,1248
2026-03-25,21:13:38,1072000,903,1255
2026-03-25,21:13:40,1074000,905,1248
2026-03-25,21:13:42,1076000,912,1250
2026-03-25,21:13:44,1078000,901,1257
2026-03-25,21:13:46,1080000,887,1249
2026-03-25,21:13:48,1082000,902,1255
2026-03-25,21:13:50,1084000,896,1251
2026-03-25,21:13:52,1086000,880,1219
2026-03-25,21:13:54,1088000,907,1264
2026-03-25,21:13:56,1090000,912,1251
2026-03-25,21:13:58,1092000,894,1253
2026-03-25,21:14:00,1094000,911,1248
2026-03-25,21:14:02,1096000,895,1240
2026-03-25,21:14:04,1098000,907,1255
2026-03-25,21:14:06,1100000,845,1251
2026-03-25,21:14:08,1102000,898,1262
2026-03-25,21:14:10,1104000,896,1255
2026-03-25,21:14:12,1106000,905,1250
2026-03-25,21:14:14,1108000,907,1246
2026-03-25,21:14:16,1110000,897,1232
2026-03-25,21:14:18,1112000,891,1233
2026-03-25,21:14:20,1114000,896,1258
2026-03-25,21:14:22,1116000,905,1259
2026-03-25,21:14:24,1118000,895,1250
2026-03-25,21:14:26,1120000,908,1277
2026-03-25,21:14:28,1122000,899,1250
2026-03-25,21:14:30,1124000,895,1264
2026-03-25,21:14:32,1126000,895,1240
2026-03-25,21:14:34,1128000,892,1251
2026-03-25,21:14:36,1130000,911,1258
2026-03-25,21:14:38,1132000,898,1263
2026-03-25,21:14:40,1134000,896,1254
2026-03-25,21:14:42,1136000,908,1257
2026-03-25,21:14:44,1138000,892,1241
2026-03-25,21:14:46,1140000,905,1253
2026-03-25,21:14:48,1142000,891,1232
2026-03-25,21:14:50,1144000,908,1248
2026-03-25,21:14:52,1146000,892,1250
2026-03-25,21:14:54,1148000,909,1248
2026-03-25,21:14:56,1150000,896,1259
2026-03-25,21:14:58,1152000,901,1247
2026-03-25,21:15:00,1154000,904,1265
2026-03-25,21:15:02,1156000,910,1259
2026-03-25,21:15:04,1158000,905,1257
2026-03-25,21:15:06,1160000,939,1251
2026-03-25,21:15:08,1162000,901,1263
2026-03-25,21:15:10,1164000,905,1251
2026-03-25,21:15:12,1166000,882,1253
2026-03-25,21:15:14,1168000,896,1245
2026-03-25,21:15:16,1170000,907,1261
2026-03-25,21:15:18,1172000,895,1253
2026-03-25,21:15:20,1174000,879,1235
2026-03-25,21:15:22,1176000,892,1254
2026-03-25,21:15:24,1178000,894,1247
2026-03-25,21:15:26,1180000,893,1218
2026-03-25,21:15:28,1182000,894,1264
2026-03-25,21:15:30,1184000,894,1259
2026-03-25,21:15:32,1186000,914,1263
2026-03-25,21:15:34,1188000,884,1249
2026-03-25,21:15:36,1190000,829,1246
2026-03-25,21:15:38,1192000,883,1251
2026-03-25,21:15:40,1194000,893,1239
2026-03-25,21:15:42,1196000,875,1247
2026-03-25,21:15:44,1198000,937,1253
2026-03-25,21:15:46,1200000,878,1256
2026-03-25,21:15:48,1202000,895,1249
2026-03-25,21:15:50,1204000,878,1252
2026-03-25,21:15:52,1206000,895,1261
2026-03-25,21:15:54,1208000,882,1254
2026-03-25,21:15:56,1210000,889,1255
2026-03-25,21:15:58,1212000,905,1261
2026-03-25,21:16:00,1214000,890,1264
2026-03-25,21:16:02,1216000,883,1263
2026-03-25,21:16:04,1218000,892,1251
2026-03-25,21:16:06,1220000,896,1249
2026-03-25,21:16:08,1222000,880,1246
2026-03-25,21:16:10,1224000,890,1243
2026-03-25,21:16:12,1226000,865,1257
2026-03-25,21:16:14,1228000,886,1264
2026-03-25,21:16:16,1230000,895,1259
2026-03-25,21:16:18,1232000,880,1260
2026-03-25,21:16:20,1234000,879,1253
2026-03-25,21:16:22,1236000,875,1249
2026-03-25,21:16:24,1238000,878,1263
2026-03-25,21:16:26,1240000,886,1253
2026-03-25,21:16:28,1242000,897,1256
2026-03-25,21:16:30,1244000,906,1262
2026-03-25,21:16:32,1246000,893,1261
2026-03-25,21:16:34,1248000,883,1248
2026-03-25,21:16:36,1250000,895,1261
2026-03-25,21:16:38,1252000,903,1247
2026-03-25,21:16:40,1254000,895,1259
2026-03-25,21:16:42,1256000,881,1344
2026-03-25,21:16:44,1258000,895,1259
2026-03-25,21:16:46,1260000,875,1253
2026-03-25,21:16:48,1262000,882,1258
2026-03-25,21:16:50,1264000,870,1247
2026-03-25,21:16:52,1266000,877,1264
2026-03-25,21:16:54,1268000,883,1249
2026-03-25,21:16:56,1270000,912,1234
2026-03-25,21:16:58,1272000,889,1253
2026-03-25,21:17:00,1274000,875,1253
2026-03-25,21:17:02,1276000,881,1255
2026-03-25,21:17:04,1278000,878,1253
2026-03-25,21:17:06,1280000,889,1259
2026-03-25,21:17:08,1282000,889,1263
2026-03-25,21:17:10,1284000,882,1251
2026-03-25,21:17:12,1286000,879,1254
2026-03-25,21:17:14,1288000,880,1258
2026-03-25,21:17:16,1290000,874,1255
2026-03-25,21:17:18,1292000,883,1267
2026-03-25,21:17:20,1294000,871,1250
2026-03-25,21:17:22,1296000,883,1249
2026-03-25,21:17:24,1298000,898,1250
2026-03-25,21:17:26,1300000,889,1225
2026-03-25,21:17:28,1302000,863,1251
2026-03-25,21:17:30,1304000,880,1264
2026-03-25,21:17:32,1306000,944,1260
2026-03-25,21:17:34,1308000,902,1249
2026-03-25,21:17:36,1310000,893,1264
2026-03-25,21:17:38,1312000,880,1262
2026-03-25,21:17:40,1314000,832,1254
2026-03-25,21:17:42,1316000,873,1262
2026-03-25,21:17:44,1318000,895,1259
2026-03-25,21:17:46,1320000,880,1610
2026-03-25,21:17:48,1322000,874,1232
2026-03-25,21:17:50,1324000,879,1262
2026-03-25,21:17:52,1326000,890,1264
2026-03-25,21:17:54,1328000,881,1258
2026-03-25,21:17:56,1330000,883,1254
2026-03-25,21:17:58,1332000,857,1267
2026-03-25,21:18:00,1334000,873,1262
2026-03-25,21:18:02,1336000,863,1266
2026-03-25,21:18:04,1338000,894,1260
2026-03-25,21:18:06,1340000,874,1251
2026-03-25,21:18:08,1342000,871,1237
2026-03-25,21:18:10,1344000,873,1262
2026-03-25,21:18:12,1346000,850,1259
2026-03-25,21:18:14,1348000,889,1258
2026-03-25,21:18:16,1350000,839,1259
2026-03-25,21:18:18,1352000,891,1253
2026-03-25,21:18:20,1354000,878,1263
2026-03-25,21:18:22,1356000,879,1257
2026-03-25,21:18:24,1358000,891,1259
2026-03-25,21:18:26,1360000,876,1251
2026-03-25,21:18:28,1362000,931,1245
2026-03-25,21:18:30,1364000,875,1249
2026-03-25,21:18:32,1366000,858,1244
2026-03-25,21:18:34,1368000,863,1254
2026-03-25,21:18:36,1370000,871,1258
2026-03-25,21:18:38,1372000,907,1254
2026-03-25,21:18:40,1374000,880,1257
2026-03-25,21:18:42,1376000,875,1255
2026-03-25,21:18:44,1378000,889,1264
2026-03-25,21:18:46,1380000,869,1259
2026-03-25,21:18:48,1382000,887,1264
2026-03-25,21:18:50,1384000,880,1264
2026-03-25,21:18:52,1386000,862,1252
2026-03-25,21:18:54,1388000,872,1261
2026-03-25,21:18:56,1390000,874,1266
2026-03-25,21:18:58,1392000,881,1262
2026-03-25,21:19:00,1394000,823,1254
2026-03-25,21:19:02,1396000,880,1261
2026-03-25,21:19:04,1398000,880,1255
2026-03-25,21:19:06,1400000,848,1259
2026-03-25,21:19:08,1402000,814,1263
2026-03-25,21:19:10,1404000,874,1264
2026-03-25,21:19:12,1406000,881,1258
2026-03-25,21:19:14,1408000,857,1257
2026-03-25,21:19:16,1410000,875,1269
2026-03-25,21:19:18,1412000,869,1258
2026-03-25,21:19:20,1414000,876,1262
2026-03-25,21:19:22,1416000,870,1262
2026-03-25,21:19:24,1418000,894,1259
2026-03-25,21:19:26,1420000,944,1253
2026-03-25,21:19:28,1422000,887,1254
2026-03-25,21:19:30,1424000,862,1263
2026-03-25,21:19:32,1426000,859,1255
2026-03-25,21:19:34,1428000,870,1258
2026-03-25,21:19:36,1430000,861,1264
2026-03-25,21:19:38,1432000,879,1260
2026-03-25,21:19:40,1434000,886,1257
2026-03-25,21:19:42,1436000,869,1262
2026-03-25,21:19:44,1438000,880,1222
2026-03-25,21:19:46,1440000,864,1257
2026-03-25,21:19:48,1442000,866,1263
2026-03-25,21:19:50,1444000,848,1253
2026-03-25,21:19:52,1446000,882,1253
2026-03-25,21:19:54,1448000,870,1262
2026-03-25,21:19:56,1450000,851,1262
2026-03-25,21:19:58,1452000,967,1264
2026-03-25,21:20:00,1454000,672,1255
2026-03-25,21:20:02,1456000,865,1264
2026-03-25,21:20:04,1458000,860,1260
2026-03-25,21:20:06,1460000,869,1270
2026-03-25,21:20:08,1462000,874,1263
2026-03-25,21:20:10,1464000,870,1357
2026-03-25,21:20:12,1466000,869,1262
2026-03-25,21:20:14,1468000,853,1261
2026-03-25,21:20:16,1470000,866,1255
2026-03-25,21:20:18,1472000,812,1267
2026-03-25,21:20:20,1474000,862,1261
2026-03-25,21:20:22,1476000,857,1263
2026-03-25,21:20:24,1478000,861,1269
2026-03-25,21:20:26,1480000,869,1264
2026-03-25,21:20:28,1482000,848,1264
2026-03-25,21:20:30,1484000,768,1254
2026-03-25,21:20:32,1486000,871,1264
2026-03-25,21:20:34,1488000,861,1263
2026-03-25,21:20:36,1490000,867,1264
2026-03-25,21:20:38,1492000,867,1261
2026-03-25,21:20:40,1494000,871,1278
2026-03-25,21:20:42,1496000,811,1262
2026-03-25,21:20:44,1498000,880,1264
2026-03-25,21:20:46,1500000,855,1250
2026-03-25,21:20:48,1502000,873,1264
2026-03-25,21:20:50,1504000,870,1250
2026-03-25,21:20:52,1506000,880,1271
2026-03-25,21:20:54,1508000,871,1257
2026-03-25,21:20:56,1510000,874,1269
2026-03-25,21:20:58,1512000,868,1251
2026-03-25,21:21:00,1514000,867,1264
2026-03-25,21:21:02,1516000,857,1259
2026-03-25,21:21:04,1518000,880,1257
2026-03-25,21:21:06,1520000,861,1264
2026-03-25,21:21:08,1522000,868,1282
2026-03-25,21:21:10,1524000,857,1286
2026-03-25,21:21:12,1526000,866,1262
2026-03-25,21:21:14,1528000,870,1272
2026-03-25,21:21:16,1530000,874,1259
2026-03-25,21:21:18,1532000,849,1265
2026-03-25,21:21:20,1534000,860,1259
2026-03-25,21:21:22,1536000,878,1264
2026-03-25,21:21:24,1538000,848,1262
2026-03-25,21:21:26,1540000,868,1261
2026-03-25,21:21:28,1542000,866,1259
2026-03-25,21:21:30,1544000,848,1257
2026-03-25,21:21:32,1546000,870,1268
2026-03-25,21:21:34,1548000,871,1265
2026-03-25,21:21:36,1550000,874,1266
2026-03-25,21:21:38,1552000,861,1264
2026-03-25,21:21:40,1554000,867,1269
2026-03-25,21:21:42,1556000,707,1261
2026-03-25,21:21:44,1558000,859,1262
2026-03-25,21:21:46,1560000,1047,1264
2026-03-25,21:21:48,1562000,868,1275
2026-03-25,21:21:50,1564000,874,1264
2026-03-25,21:21:52,1566000,855,1270
2026-03-25,21:21:54,1568000,862,1258
2026-03-25,21:21:56,1570000,864,1265
2026-03-25,21:21:58,1572000,867,1264
2026-03-25,21:22:00,1574000,863,1272
2026-03-25,21:22:02,1576000,828,1262
2026-03-25,21:22:04,1578000,858,1259
2026-03-25,21:22:06,1580000,851,1263
2026-03-25,21:22:08,1582000,768,1260
2026-03-25,21:22:10,1584000,861,1250
2026-03-25,21:22:12,1586000,854,1262
2026-03-25,21:22:14,1588000,859,1267
2026-03-25,21:22:16,1590000,848,1265
2026-03-25,21:22:18,1592000,852,1264
2026-03-25,21:22:20,1594000,866,1264
2026-03-25,21:22:22,1596000,855,1257
2026-03-25,21:22:24,1598000,846,1262
2026-03-25,21:22:26,1600000,850,1267
2026-03-25,21:22:28,1602000,853,1266
2026-03-25,21:22:30,1604000,848,1251
2026-03-25,21:22:32,1606000,849,1261
2026-03-25,21:22:34,1608000,843,1266
2026-03-25,21:22:36,1610000,848,1264
2026-03-25,21:22:38,1612000,848,1259
2026-03-25,21:22:40,1614000,856,1264
2026-03-25,21:22:42,1616000,886,1262
2026-03-25,21:22:44,1618000,847,1264
2026-03-25,21:22:46,1620000,861,1272
2026-03-25,21:22:48,1622000,866,1262
2026-03-25,21:22:50,1624000,855,1264
2026-03-25,21:22:52,1626000,851,1269
2026-03-25,21:22:54,1628000,848,1260
2026-03-25,21:22:56,1630000,859,1249
2026-03-25,21:22:58,1632000,849,1261
2026-03-25,21:23:00,1634000,849,1266
2026-03-25,21:23:02,1636000,863,1270
2026-03-25,21:23:04,1638000,853,1273
2026-03-25,21:23:06,1640000,855,1258
2026-03-25,21:23:08,1642000,846,1273
2026-03-25,21:23:10,1644000,858,1264
2026-03-25,21:23:12,1646000,848,1269
2026-03-25,21:23:14,1648000,843,1243
2026-03-25,21:23:16,1650000,848,1277
2026-03-25,21:23:18,1652000,848,1266
2026-03-25,21:23:20,1654000,863,1264
2026-03-25,21:23:22,1656000,1007,1258
2026-03-25,21:23:24,1658000,866,1263
2026-03-25,21:23:26,1660000,851,1264
2026-03-25,21:23:28,1662000,845,1264
2026-03-25,21:23:30,1664000,857,1262
2026-03-25,21:23:32,1666000,866,1267
2026-03-25,21:23:34,1668000,854,1264
2026-03-25,21:23:36,1670000,850,1270
2026-03-25,21:23:38,1672000,849,1262
2026-03-25,21:23:40,1674000,848,1267
2026-03-25,21:23:42,1676000,848,1265
2026-03-25,21:23:44,1678000,849,1266
2026-03-25,21:23:46,1680000,829,1266
2026-03-25,21:23:48,1682000,849,1264
2026-03-25,21:23:50,1684000,848,1258
2026-03-25,21:23:52,1686000,864,1251
2026-03-25,21:23:54,1688000,843,1264
2026-03-25,21:23:56,1690000,846,1255
2026-03-25,21:23:58,1692000,837,1059
2026-03-25,21:24:00,1694000,845,1261
2026-03-25,21:24:02,1696000,848,1266
2026-03-25,21:24:04,1698000,86,1271
2026-03-25,21:24:06,1700000,764,1267
2026-03-25,21:24:08,1702000,1353,1263
2026-03-25,21:24:10,1704000,846,1259
2026-03-25,21:24:12,1706000,859,1251
2026-03-25,21:24:14,1708000,852,1260
2026-03-25,21:24:16,1710000,858,1274
2026-03-25,21:24:18,1712000,850,1260
2026-03-25,21:24:20,1714000,835,1264
2026-03-25,21:24:22,1716000,853,1367
2026-03-25,21:24:24,1718000,849,1286
2026-03-25,21:24:26,1720000,846,1264
2026-03-25,21:24:28,1722000,847,1263
2026-03-25,21:24:30,1724000,834,1262
2026-03-25,21:24:32,1726000,847,1247
2026-03-25,21:24:34,1728000,857,1264
2026-03-25,21:24:36,1730000,858,1257
2026-03-25,21:24:38,1732000,858,1259
2026-03-25,21:24:40,1734000,842,1259
2026-03-25,21:24:42,1736000,845,1260
2026-03-25,21:24:44,1738000,849,1274
2026-03-25,21:24:46,1740000,837,1242
2026-03-25,21:24:48,1742000,850,1264
2026-03-25,21:24:50,1744000,839,1264
2026-03-25,21:24:52,1746000,843,1273
2026-03-25,21:24:54,1748000,848,1263
2026-03-25,21:24:56,1750000,838,1263
2026-03-25,21:24:58,1752000,832,1263
2026-03-25,21:25:00,1754000,845,1262
2026-03-25,21:25:02,1756000,842,1264
2026-03-25,21:25:04,1758000,842,1279
2026-03-25,21:25:06,1760000,842,1259
2026-03-25,21:25:08,1762000,847,1266
2026-03-25,21:25:10,1764000,839,1246
2026-03-25,21:25:12,1766000,859,1269
2026-03-25,21:25:14,1768000,848,1259
2026-03-25,21:25:16,1770000,848,1271
2026-03-25,21:25:18,1772000,847,1260
2026-03-25,21:25:20,1774000,812,1264
2026-03-25,21:25:22,1776000,839,1277
2026-03-25,21:25:24,1778000,841,1265
2026-03-25,21:25:26,1780000,836,1259
2026-03-25,21:25:28,1782000,841,1265
2026-03-25,21:25:30,1784000,842,1264
2026-03-25,21:25:32,1786000,836,1263
2026-03-25,21:25:34,1788000,836,1232
2026-03-25,21:25:36,1790000,848,1262
2026-03-25,21:25:38,1792000,837,1251
2026-03-25,21:25:40,1794000,855,1259
2026-03-25,21:25:42,1796000,831,1264
2026-03-25,21:25:44,1798000,833,1263
2026-03-25,21:25:46,1800000,862,1266
2026-03-25,21:25:48,1802000,832,1264
2026-03-25,21:25:50,1804000,832,1257
2026-03-25,21:25:52,1806000,847,1266
2026-03-25,21:25:54,1808000,848,1261
2026-03-25,21:25:56,1810000,839,1270
2026-03-25,21:25:58,1812000,832,1267
2026-03-25,21:26:00,1814000,842,1570
2026-03-25,21:26:02,1816000,841,1395
2026-03-25,21:26:04,1818000,833,1255
2026-03-25,21:26:06,1820000,831,1270
2026-03-25,21:26:08,1822000,848,1260
2026-03-25,21:26:10,1824000,832,1271
2026-03-25,21:26:12,1826000,759,1263
2026-03-25,21:26:14,1828000,833,1264
2026-03-25,21:26:16,1830000,816,1261
2026-03-25,21:26:18,1832000,840,1264
2026-03-25,21:26:20,1834000,828,1265
2026-03-25,21:26:22,1836000,838,1249
2026-03-25,21:26:24,1838000,829,1257
2026-03-25,21:26:26,1840000,839,1250
2026-03-25,21:26:28,1842000,832,1257
2026-03-25,21:26:30,1844000,840,1271
2026-03-25,21:26:32,1846000,833,1264
2026-03-25,21:26:34,1848000,836,1264
2026-03-25,21:26:36,1850000,835,1250
2026-03-25,21:26:38,1852000,830,1264
2026-03-25,21:26:40,1854000,829,1264
2026-03-25,21:26:42,1856000,827,1265
2026-03-25,21:26:44,1858000,693,1269
2026-03-25,21:26:46,1860000,836,1266
2026-03-25,21:26:48,1862000,820,1264
2026-03-25,21:26:50,1864000,846,1257
2026-03-25,21:26:52,1866000,848,1264
2026-03-25,21:26:54,1868000,942,1273
2026-03-25,21:26:56,1870000,831,1257
2026-03-25,21:26:58,1872000,819,1261
2026-03-25,21:27:00,1874000,837,1265
2026-03-25,21:27:02,1876000,828,1271
2026-03-25,21:27:04,1878000,831,1264
2026-03-25,21:27:06,1880000,841,1295
2026-03-25,21:27:08,1882000,816,1286
2026-03-25,21:27:10,1884000,836,1264
2026-03-25,21:27:12,1886000,819,1264
2026-03-25,21:27:14,1888000,832,1274
2026-03-25,21:27:16,1890000,839,1264
2026-03-25,21:27:18,1892000,833,1262
2026-03-25,21:27:20,1894000,842,1261
2026-03-25,21:27:22,1896000,816,1266
2026-03-25,21:27:24,1898000,815,1261
2026-03-25,21:27:26,1900000,833,1274
2026-03-25,21:27:28,1902000,848,1269
2026-03-25,21:27:30,1904000,846,1261
2026-03-25,21:27:32,1906000,829,1262
2026-03-25,21:27:34,1908000,816,1265
2026-03-25,21:27:36,1910000,831,1270
2026-03-25,21:27:38,1912000,814,1255
2026-03-25,21:27:40,1914000,830,1264
2026-03-25,21:27:42,1916000,829,1263
2026-03-25,21:27:44,1918000,832,1262
2026-03-25,21:27:46,1920000,816,1264
2026-03-25,21:27:48,1922000,810,1261
2026-03-25,21:27:50,1924000,823,1287
2026-03-25,21:27:52,1926000,829,1271
2026-03-25,21:27:54,1928000,829,1264
2026-03-25,21:27:56,1930000,835,1274
2026-03-25,21:27:58,1932000,1249,1275
2026-03-25,21:28:00,1934000,830,1264
2026-03-25,21:28:02,1936000,822,1243
2026-03-25,21:28:04,1938000,821,1270
2026-03-25,21:28:06,1940000,817,1261
2026-03-25,21:28:08,1942000,812,1264
2026-03-25,21:28:10,1944000,534,1260
2026-03-25,21:28:12,1946000,794,1271
2026-03-25,21:28:14,1948000,822,1263
2026-03-25,21:28:16,1950000,836,1261
2026-03-25,21:28:18,1952000,807,1276
2026-03-25,21:28:20,1954000,826,1259
2026-03-25,21:28:22,1956000,815,1264
2026-03-25,21:28:24,1958000,816,1257
2026-03-25,21:28:26,1960000,1339,1262
2026-03-25,21:28:28,1962000,768,1262
2026-03-25,21:28:30,1964000,833,1265
2026-03-25,21:28:32,1966000,805,1259
2026-03-25,21:28:34,1968000,768,1273
2026-03-25,21:28:36,1970000,825,1265
2026-03-25,21:28:38,1972000,816,1269
2026-03-25,21:28:40,1974000,813,1263
2026-03-25,21:28:42,1976000,822,1265
2026-03-25,21:28:44,1978000,815,1262
2026-03-25,21:28:46,1980000,806,1264
2026-03-25,21:28:48,1982000,833,1263
2026-03-25,21:28:50,1984000,819,1267
2026-03-25,21:28:52,1986000,814,1264
2026-03-25,21:28:54,1988000,823,1263
2026-03-25,21:28:56,1990000,789,1264
2026-03-25,21:28:58,1992000,812,1163
2026-03-25,21:29:00,1994000,822,1263
2026-03-25,21:29:02,1996000,818,1285
2026-03-25,21:29:04,1998000,814,1279
2026-03-25,21:29:06,2000000,816,1261
2026-03-25,21:29:08,2002000,814,1274
2026-03-25,21:29:10,2004000,818,1264
2026-03-25,21:29:12,2006000,814,1269
2026-03-25,21:29:14,2008000,816,1263
2026-03-25,21:29:16,2010000,813,1254
2026-03-25,21:29:18,2012000,839,1253
2026-03-25,21:29:20,2014000,814,1251
2026-03-25,21:29:22,2016000,799,1337
2026-03-25,21:29:24,2018000,823,1268
2026-03-25,21:29:26,2020000,816,1264
2026-03-25,21:29:28,2022000,810,1264
2026-03-25,21:29:30,2024000,813,1269
2026-03-25,21:29:32,2026000,811,1264
2026-03-25,21:29:34,2028000,826,1264
2026-03-25,21:29:36,2030000,819,1254
2026-03-25,21:29:38,2032000,802,1261
2026-03-25,21:29:40,2034000,822,1269
2026-03-25,21:29:42,2036000,832,1263
2026-03-25,21:29:44,2038000,171,1262
2026-03-25,21:29:46,2040000,822,1264
2026-03-25,21:29:48,2042000,818,1264
2026-03-25,21:29:50,2044000,815,1185
2026-03-25,21:29:52,2046000,800,1226
2026-03-25,21:29:54,2048000,811,1254
2026-03-25,21:29:56,2050000,822,1267
2026-03-25,21:29:58,2052000,818,1268
2026-03-25,21:30:00,2054000,815,1265
2026-03-25,21:30:02,2056000,803,1264
2026-03-25,21:30:04,2058000,818,1274
2026-03-25,21:30:06,2060000,814,1247
2026-03-25,21:30:08,2062000,815,1264
2026-03-25,21:30:10,2064000,819,1266
2026-03-25,21:30:12,2066000,794,1271
2026-03-25,21:30:14,2068000,803,1261
2026-03-25,21:30:16,2070000,800,1264
2026-03-25,21:30:18,2072000,806,1263
2026-03-25,21:30:20,2074000,806,1260
2026-03-25,21:30:22,2076000,786,1267
2026-03-25,21:30:24,2078000,794,1264
2026-03-25,21:30:26,2080000,769,1262
2026-03-25,21:30:28,2082000,795,1247
2026-03-25,21:30:30,2084000,789,1264
2026-03-25,21:30:32,2086000,814,1270
2026-03-25,21:30:34,2088000,809,1269
2026-03-25,21:30:36,2090000,815,1267
2026-03-25,21:30:38,2092000,813,1262
2026-03-25,21:30:40,2094000,816,1259
2026-03-25,21:30:42,2096000,818,1246
2026-03-25,21:30:44,2098000,814,1262
2026-03-25,21:30:46,2100000,807,1262
2026-03-25,21:30:48,2102000,837,1263
2026-03-25,21:30:50,2104000,807,1262
2026-03-25,21:30:52,2106000,821,1257
2026-03-25,21:30:54,2108000,801,1264
2026-03-25,21:30:56,2110000,803,1250
2026-03-25,21:30:58,2112000,799,1263
2026-03-25,21:31:00,2114000,815,1253
2026-03-25,21:31:02,2116000,806,1262
2026-03-25,21:31:04,2118000,803,1260
2026-03-25,21:31:06,2120000,815,1270
2026-03-25,21:31:08,2122000,798,1261
2026-03-25,21:31:10,2124000,817,1264
2026-03-25,21:31:12,2126000,846,1233
2026-03-25,21:31:14,2128000,784,1168
2026-03-25,21:31:16,2130000,1156,1154
2026-03-25,21:31:18,2132000,743,1170
2026-03-25,21:31:20,2134000,703,1167
2026-03-25,21:31:22,2136000,715,1156
2026-03-25,21:31:24,2138000,695,1158
2026-03-25,21:31:26,2140000,707,1144
2026-03-25,21:31:28,2142000,710,1145
